    3.99999970E-02
    3.99999970E-02
    3.99999970E-02
    3.99999970E-02
    3.99999970E-02
    3.99999970E-02
    3.99999970E-02
    3.99999970E-02
    3.99999970E-02
    3.99999970E-02
    3.99999970E-02
    3.99999970E-02
    3.99999970E-02
    3.99999970E-02
    3.99999970E-02
    3.99999970E-02
    3.99999970E-02
    3.99999970E-02
    3.99999970E-02
    3.99999970E-02
    3.99999970E-02
    3.99999970E-02
    3.99999970E-02
    3.99999971E-02
    3.99999974E-02
    3.99999982E-02
    4.00000005E-02
    4.00000067E-02
    4.00000229E-02
    4.00000651E-02
    4.00001719E-02
    4.00004371E-02
    4.00010817E-02
    4.00026155E-02
    4.00061883E-02
    4.00143356E-02
    4.00325225E-02
    4.00722635E-02
    4.01572665E-02
    4.03352298E-02
    4.06999080E-02
    4.14313066E-02
    4.28669385E-02
    4.56246863E-02
    5.08086784E-02
    6.03442322E-02
    7.75063200E-02
    1.07727035E-01
    1.59788225E-01
    2.47520339E-01
    3.92128903E-01
    6.25244240E-01
    9.92723971E-01
    1.55911799E+00
    2.41252279E+00
    3.66930734E+00
    5.47790446E+00
    8.02056923E+00
    1.15117754E+01
    1.61918351E+01
    2.23144803E+01
    3.01276147E+01
    3.98472712E+01
    5.16259611E+01
    6.55179563E+01
    8.14453927E+01
    9.91701369E+01
    1.18276811E+02
    1.38171961E+02
    1.58102963E+02
    1.77197904E+02
    1.94524688E+02
    2.09164429E+02
    2.20291357E+02
    2.27249710E+02
    2.29617674E+02
    2.27249710E+02
    2.20291357E+02
    2.09164429E+02
    1.94524688E+02
    1.77197904E+02
    1.58102963E+02
    1.38171961E+02
    1.18276811E+02
    9.91701369E+01
    8.14453927E+01
    6.55179563E+01
    5.16259611E+01
    3.98472712E+01
    3.01276147E+01
    2.23144803E+01
    1.61918351E+01
    1.15117754E+01
    8.02056923E+00
    5.47790446E+00
    3.66930734E+00
    2.41252279E+00
    1.55911799E+00
    9.92723971E-01
    6.25244240E-01
    8.48898079E-01
    6.44289686E-01
    4.90535952E-01
    3.73228583E-01
    2.83321385E-01
    2.14493890E-01
    1.62015332E-01
    1.22216800E-01
    9.22115140E-02
    6.97195312E-02
    5.29434977E-02
    4.04703324E-02
    3.11954902E-02
    2.42703043E-02
    1.91356050E-02
    1.57533775E-02
    1.34990119E-02
    1.19622937E-02
    1.09030241E-02
    1.01708820E-02
    9.66653246E-03
    9.32258096E-03
    9.09319344E-03
    8.94743822E-03
    8.86505207E-03
    8.83410938E-03
    8.84886469E-03
    8.91080870E-03
    9.02948508E-03
    9.22100586E-03
    9.51059526E-03
    9.93523007E-03
    1.05504900E-02
    1.14369706E-02
    1.27166030E-02
    1.45833946E-02
    1.73679858E-02
    2.16715161E-02
    2.78556967E-02
    3.62121362E-02
    4.74222460E-02
    6.24860684E-02
    8.27334348E-02
    1.09898941E-01
    1.46229826E-01
    1.94630161E-01
    2.58837695E-01
    3.43633405E-01
    4.55079092E-01
    6.00765239E-01
    7.90029338E-01
    1.03407199E+00
    1.34585345E+00
    1.73967682E+00
    2.23058383E+00
    2.83371805E+00
    3.56664880E+00
    4.45970816E+00
    5.58357940E+00
    7.06422964E+00
    8.91776897E+00
    1.11616133E+01
    1.38121572E+01
    1.68746106E+01
    2.03345069E+01
    2.41523859E+01
    2.82602155E+01
    3.25594473E+01
    3.69205443E+01
    4.11934073E+01
    4.52074578E+01
    4.87909616E+01
    5.17780196E+01
    5.40212381E+01
    5.54029530E+01
    5.58660150E+01
    5.53885844E+01
    5.39955636E+01
    5.17545623E+01
    4.87778741E+01
    4.52119576E+01
    4.12224371E+01
    3.69803150E+01
    3.26510254E+01
    2.83855494E+01
    2.43092914E+01
    2.05188055E+01
    1.70817449E+01
    1.40367242E+01
    1.13997665E+01
    9.16980798E+00
    7.34033771E+00
    5.91295521E+00
    4.78533850E+00
    3.85344125E+00
    3.07449688E+00
    2.42870045E+00
    1.90034671E+00
    1.47299780E+00
    1.12893165E+00
    8.04693911E-01
    6.10310788E-01
    4.61804011E-01
    3.48689281E-01
    2.62591522E-01
    1.97183120E-01
    1.47670798E-01
    1.10374238E-01
    8.24369962E-02
    6.16316770E-02
    4.62290021E-02
    3.48945327E-02
    2.66038634E-02
    2.05767330E-02
    1.62244747E-02
    1.31093045E-02
    1.09144340E-02
    9.38249340E-03
    8.31891130E-03
    7.58438213E-03
    7.08130236E-03
    6.74180288E-03
    6.51908898E-03
    6.38176058E-03
    6.31019485E-03
    6.29291018E-03
    6.32298895E-03
    6.40747841E-03
    6.55961748E-03
    6.80051996E-03
    7.16270193E-03
    7.69432938E-03
    8.46375546E-03
    9.56920291E-03
    1.11491379E-02
    1.33961093E-02
    1.65689396E-02
    2.09912564E-02
    2.70900285E-02
    3.54572681E-02
    4.68861459E-02
    6.24272955E-02
    8.34625217E-02
    1.11798621E-01
    1.49782222E-01
    2.00442479E-01
    2.67664246E-01
    3.56388743E-01
    4.72847453E-01
    6.24822601E-01
    8.21924676E-01
    1.07588836E+00
    1.40085251E+00
    1.81360900E+00
    2.33381502E+00
    2.98408788E+00
    3.78993728E+00
    4.77922614E+00
    5.98081347E+00
    7.42254975E+00
    9.12903839E+00
    1.11175989E+01
    1.33946810E+01
    1.59533671E+01
    1.87711032E+01
    2.18070098E+01
    2.50003091E+01
    2.82709961E+01
    3.15231977E+01
    3.46451974E+01
    3.75213101E+01
    4.00331494E+01
    4.20719186E+01
    4.35456050E+01
    4.43842093E+01
    4.45760205E+01
    4.41213892E+01
    4.30256141E+01
    4.13307811E+01
    3.91128109E+01
    3.64675531E+01
    3.35058334E+01
    3.03452039E+01
    2.71004553E+01
    2.38752105E+01
    2.07593454E+01
    1.78245069E+01
    1.51223500E+01
    1.26863305E+01
    1.05322579E+01
    8.66162268E+00
    7.06301805E+00
    5.71437878E+00
    4.58880374E+00
    3.65823546E+00
    2.89548739E+00
    2.27534204E+00
    1.77491678E+00
    1.37382199E+00
    1.05473924E+00
    7.39075193E-01
    5.61247808E-01
    4.24045978E-01
    3.19069574E-01
    2.39172839E-01
    1.78639759E-01
    1.33001277E-01
    9.87790996E-02
    7.32661079E-02
    5.43584483E-02
    4.04303805E-02
    3.02328665E-02
    2.28124510E-02
    1.74474103E-02
    1.35963354E-02
    1.08560326E-02
    8.92606316E-03
    7.57908704E-03
    6.64583791E-03
    6.00394547E-03
    5.56692840E-03
    5.27468422E-03
    5.08614748E-03
    4.97436092E-03
    4.92316212E-03
    4.92061203E-03
    4.96305683E-03
    5.06183806E-03
    5.23170720E-03
    5.49626263E-03
    5.89124607E-03
    6.46897634E-03
    7.30424312E-03
    8.50329460E-03
    1.02145672E-02
    1.26417569E-02
    1.60581822E-02
    2.08239228E-02
    2.74175145E-02
    3.64797113E-02
    4.88654428E-02
    6.57069919E-02
    8.84908931E-02
    1.19151948E-01
    1.60187400E-01
    2.14792895E-01
    2.87021156E-01
    3.81960384E-01
    5.05928936E-01
    6.66677991E-01
    8.73590773E-01
    1.13786498E+00
    1.47266338E+00
    1.89321649E+00
    2.41687291E+00
    3.06306639E+00
    3.85311443E+00
    4.80962869E+00
    5.95515017E+00
    7.30972246E+00
    8.88816089E+00
    1.06979236E+01
    1.27370406E+01
    1.49921197E+01
    1.74366797E+01
    2.00297718E+01
    2.27155758E+01
    2.54244071E+01
    2.80751932E+01
    3.05781764E+01
    3.28412590E+01
    3.47742669E+01
    3.62963541E+01
    3.73401581E+01
    3.78563682E+01
    3.78813835E+01
    3.74029102E+01
    3.64163933E+01
    3.49567932E+01
    3.30838605E+01
    3.08741305E+01
    2.84152877E+01
    2.57993801E+01
    2.31159115E+01
    2.04462291E+01
    1.78606192E+01
    1.54156606E+01
    1.31531486E+01
    1.11006670E+01
    9.27252959E+00
    7.67161382E+00
    6.29103692E+00
    5.11634596E+00
    4.12824824E+00
    3.30524136E+00
    2.62584556E+00
    2.06980327E+00
    1.61856794E+00
    1.25559370E+00
    9.66547092E-01
    6.60873727E-01
    5.01195154E-01
    3.77860069E-01
    2.83436371E-01
    2.11648146E-01
    1.57397733E-01
    1.16643189E-01
    8.62099870E-02
    6.36203907E-02
    4.69550648E-02
    3.47373000E-02
    2.58367465E-02
    1.93937893E-02
    1.47599115E-02
    1.14497575E-02
    9.10347226E-03
    7.45464199E-03
    6.30555862E-03
    5.51107705E-03
    4.96660005E-03
    4.59817851E-03
    4.35453656E-03
    4.20107016E-03
    4.11570864E-03
    4.08507265E-03
    4.09573204E-03
    4.15279592E-03
    4.26816694E-03
    4.45904085E-03
    4.75176004E-03
    5.18563103E-03
    5.81770901E-03
    6.72926978E-03
    8.03440861E-03
    9.89081184E-03
    1.25131152E-02
    1.61898366E-02
    2.13070969E-02
    2.83824796E-02
    3.81082893E-02
    5.14045444E-02
    6.94841762E-02
    9.39328063E-02
    1.26805418E-01
    1.70741274E-01
    2.29097728E-01
    3.06102113E-01
    4.07018272E-01
    5.38321966E-01
    7.07876190E-01
    9.25094465E-01
    1.20107741E+00
    1.54870507E+00
    1.98266320E+00
    2.51936982E+00
    3.17673527E+00
    3.97363941E+00
    4.92897523E+00
    6.06017746E+00
    7.38138603E+00
    8.90157103E+00
    1.06225659E+01
    1.25372757E+01
    1.46281311E+01
    1.68658938E+01
    1.92089940E+01
    2.16037463E+01
    2.39856431E+01
    2.62816746E+01
    2.84136817E+01
    3.03029060E+01
    3.18747914E+01
    3.30638143E+01
    3.38172909E+01
    3.41121562E+01
    3.40101066E+01
    3.34759717E+01
    3.25073242E+01
    3.11358936E+01
    2.94159377E+01
    2.74159781E+01
    2.52126200E+01
    2.28846424E+01
    2.05077074E+01
    1.81502738E+01
    1.58709430E+01
    1.37167262E+01
    1.17224066E+01
    9.91085313E+00
    8.29392405E+00
    6.87387508E+00
    5.64499158E+00
    4.59551432E+00
    3.70981584E+00
    2.97029473E+00
    2.35889015E+00
    1.85813615E+00
    1.45180212E+00
    1.12524516E+00
    8.65456612E-01
    5.82859767E-01
    4.40955662E-01
    3.31517170E-01
    2.47850905E-01
    1.84376742E-01
    1.36555558E-01
    1.00768388E-01
    7.41569474E-02
    5.44896938E-02
    4.00459511E-02
    2.95074661E-02
    2.18682388E-02
    1.63658422E-02
    1.24275136E-02
    9.62636190E-03
    7.64925267E-03
    6.26501818E-03
    5.30344437E-03
    4.64096382E-03
    4.18917412E-03
    3.88590625E-03
    3.68840435E-03
    3.56836961E-03
    3.50830570E-03
    3.49521523E-03
    3.51883509E-03
    3.59060926E-03
    3.72330909E-03
    3.93612494E-03
    4.25815747E-03
    4.73244557E-03
    5.42106177E-03
    6.41191709E-03
    7.82766698E-03
    9.83707355E-03
    1.26696907E-02
    1.66353530E-02
    2.21507374E-02
    2.97747436E-02
    4.02532316E-02
    5.45745279E-02
    7.40375865E-02
    1.00334469E-01
    1.35649024E-01
    1.82772514E-01
    2.45235584E-01
    3.27454495E-01
    4.34887022E-01
    5.74190728E-01
    7.53373276E-01
    9.81921320E-01
    1.27089123E+00
    1.63294066E+00
    2.08227218E+00
    2.63444439E+00
    3.30598169E+00
    4.11369211E+00
    5.07361911E+00
    6.19964053E+00
    7.50185748E+00
    8.98492695E+00
    1.06464034E+01
    1.24752605E+01
    1.44506823E+01
    1.65412608E+01
    1.87047978E+01
    2.08889049E+01
    2.30324844E+01
    2.50681187E+01
    2.69253918E+01
    2.85349236E+01
    2.98326513E+01
    3.07634940E+01
    3.12881034E+01
    3.14174544E+01
    3.12115830E+01
    3.06149647E+01
    2.96314269E+01
    2.82946200E+01
    2.66573332E+01
    2.47837241E+01
    2.27434427E+01
    2.06065197E+01
    1.84391519E+01
    1.63005645E+01
    1.42408757E+01
    1.22998749E+01
    1.05066334E+01
    8.87987885E+00
    7.42891011E+00
    6.15483157E+00
    5.05201764E+00
    4.10984541E+00
    3.31447513E+00
    2.65037648E+00
    2.10157340E+00
    1.65251967E+00
    1.28868498E+00
    9.96841786E-01
    7.65088224E-01
    5.08953728E-01
    3.83843845E-01
    2.87639035E-01
    2.14291736E-01
    1.58821242E-01
    1.17184018E-01
    8.61449117E-02
    6.31501953E-02
    4.62235692E-02
    3.38501206E-02
    2.48669297E-02
    1.83870245E-02
    1.37413537E-02
    1.04308188E-02
    8.08679819E-03
    6.44088287E-03
    5.29332862E-03
    4.49916517E-03
    3.95442845E-03
    3.58521998E-03
    3.33996647E-03
    3.18370841E-03
    3.09394184E-03
    3.05705971E-03
    3.05686074E-03
    3.09422442E-03
    3.18141347E-03
    3.33261968E-03
    3.56916862E-03
    3.92319489E-03
    4.44183918E-03
    5.19267600E-03
    6.27090182E-03
    7.80874629E-03
    9.98777568E-03
    1.30550506E-02
    1.73447570E-02
    2.33070559E-02
    3.15454606E-02
    4.28638382E-02
    5.83245966E-02
    7.93197302E-02
    1.07656212E-01
    1.45656729E-01
    1.96276139E-01
    2.63231948E-01
    3.51145612E-01
    4.65688926E-01
    6.13726858E-01
    8.03445111E-01
    1.04444724E+00
    1.34780216E+00
    1.72601704E+00
    2.19290139E+00
    2.76327388E+00
    3.45245053E+00
    4.27545510E+00
    5.24593137E+00
    6.37481065E+00
    7.66884719E+00
    9.12912571E+00
    1.07496380E+01
    1.25160515E+01
    1.44047862E+01
    1.63825459E+01
    1.84064571E+01
    2.04249360E+01
    2.23793461E+01
    2.42064587E+01
    2.58416846E+01
    2.72228139E+01
    2.82936748E+01
    2.90071642E+01
    2.93373734E+01
    2.93494020E+01
    2.90465518E+01
    2.83815936E+01
    2.73656070E+01
    2.60356525E+01
    2.44444151E+01
    2.26532718E+01
    2.07268311E+01
    1.87285729E+01
    1.67174677E+01
    1.47455116E+01
    1.28561024E+01
    1.10831504E+01
    9.45090707E+00
    7.97446068E+00
    6.66066905E+00
    5.50927475E+00
    4.51424710E+00
    3.66540235E+00
    2.94987871E+00
    2.35342837E+00
    1.86148303E+00
    1.45986353E+00
    1.13531147E+00
    8.75708992E-01
    6.70131401E-01
    4.41228444E-01
    3.31615662E-01
    2.47572702E-01
    1.83701698E-01
    1.35572444E-01
    9.96000494E-02
    7.29087400E-02
    5.32396747E-02
    3.88397960E-02
    2.83642444E-02
    2.07940695E-02
    1.53586454E-02
    1.14812022E-02
    8.73201516E-03
    6.79413854E-03
    5.43772136E-03
    4.49525881E-03
    3.84581574E-03
    3.40272105E-03
    3.10473197E-03
    2.90962950E-03
    2.78938900E-03
    2.72635185E-03
    2.70807722E-03
    2.71893736E-03
    2.77068919E-03
    2.87399958E-03
    3.04494731E-03
    3.30727235E-03
    3.69645587E-03
    4.26416820E-03
    5.08404567E-03
    6.25937270E-03
    7.93321569E-03
    1.03017992E-02
    1.36322829E-02
    1.82864063E-02
    2.47514954E-02
    3.36800795E-02
    4.59394913E-02
    6.26729699E-02
    8.53737698E-02
    1.15973442E-01
    1.56944774E-01
    2.11418925E-01
    2.83314350E-01
    3.77473156E-01
    4.99797965E-01
    6.57379342E-01
    8.58600520E-01
    1.11320235E+00
    1.43228673E+00
    1.82823016E+00
    2.31447034E+00
    2.90511948E+00
    3.61435648E+00
    4.45556739E+00
    5.44024652E+00
    6.57672274E+00
    7.86880396E+00
    9.31443252E+00
    1.09044509E+01
    1.26215918E+01
    1.44398167E+01
    1.63241279E+01
    1.82309782E+01
    2.01093592E+01
    2.19026028E+01
    2.35508882E+01
    2.49943461E+01
    2.61764241E+01
    2.70472987E+01
    2.75687784E+01
    2.77423793E+01
    2.76633554E+01
    2.72629913E+01
    2.65275361E+01
    2.54711856E+01
    2.41344153E+01
    2.25705180E+01
    2.08387160E+01
    1.89994284E+01
    1.71107043E+01
    1.52255359E+01
    1.33899001E+01
    1.16415296E+01
    1.00092898E+01
    8.51322631E+00
    7.16522701E+00
    5.96991627E+00
    4.92558800E+00
    4.02557744E+00
    3.25982405E+00
    2.61600400E+00
    2.08077140E+00
    1.64063508E+00
    1.28249895E+00
    9.94118847E-01
    7.64277103E-01
    5.82911801E-01
    3.79707719E-01
    2.84241031E-01
    2.11430172E-01
    1.56335377E-01
    1.15013489E-01
    8.43017178E-02
    6.15995064E-02
    4.48700503E-02
    3.26222429E-02
    2.37579738E-02
    1.73893345E-02
    1.28413342E-02
    9.60918897E-03
    7.31873526E-03
    5.71589332E-03
    4.60601530E-03
    3.83795009E-03
    3.31124082E-03
    2.95415152E-03
    2.71642102E-03
    2.56396994E-03
    2.47471839E-03
    2.43469063E-03
    2.42951799E-03
    2.45245755E-03
    2.51858257E-03
    2.63884513E-03
    2.83102282E-03
    3.12155301E-03
    3.54964442E-03
    4.17198696E-03
    5.06895507E-03
    6.35288007E-03
    8.17905337E-03
    1.07603532E-02
    1.43866890E-02
    1.94506525E-02
    2.64807250E-02
    3.61833850E-02
    4.94955266E-02
    6.76486550E-02
    9.22461581E-02
    1.25354466E-01
    1.69608065E-01
    2.28327119E-01
    3.05644447E-01
    4.06636438E-01
    5.37449741E-01
    7.05412395E-01
    9.19114512E-01
    1.18843942E+00
    1.52452110E+00
    1.93959735E+00
    2.44672138E+00
    3.05929165E+00
    3.79036744E+00
    4.65176259E+00
    5.65294872E+00
    6.79983470E+00
    8.09350636E+00
    9.52901557E+00
    1.10943187E+01
    1.27694738E+01
    1.45262135E+01
    1.63280042E+01
    1.81306871E+01
    1.98837509E+01
    2.15322428E+01
    2.30192751E+01
    2.42889612E+01
    2.52895869E+01
    2.59778826E+01
    2.63275928E+01
    2.63874917E+01
    2.62147227E+01
    2.57240450E+01
    2.49174910E+01
    2.38174285E+01
    2.24679110E+01
    2.09224452E+01
    1.92380383E+01
    1.74712770E+01
    1.56754049E+01
    1.38981770E+01
    1.21803172E+01
    1.05545848E+01
    9.04539635E+00
    7.66907778E+00
    6.43465622E+00
    5.34467263E+00
    4.39594111E+00
    3.58121829E+00
    2.89054678E+00
    2.31191724E+00
    1.83265003E+00
    1.43999018E+00
    1.12163818E+00
    8.66161252E-01
    6.63255626E-01
    5.03744368E-01
    3.26102039E-01
    2.43478962E-01
    1.80264893E-01
    1.32623201E-01
    9.70707844E-02
    7.08007465E-02
    5.14643783E-02
    3.73307512E-02
    2.70922526E-02
    1.97115270E-02
    1.44228986E-02
    1.06554713E-02
    7.98838418E-03
    6.11625642E-03
    4.82329064E-03
    3.91867213E-03
    3.29567314E-03
    2.87156840E-03
    2.58624596E-03
    2.39889410E-03
    2.28238603E-03
    2.21958892E-03
    2.19859755E-03
    2.20206149E-03
    2.23870414E-03
    2.31956818E-03
    2.45768580E-03
    2.67279199E-03
    2.99433584E-03
    3.46565665E-03
    4.14900719E-03
    5.13225321E-03
    6.53785844E-03
    8.53488949E-03
    1.13550115E-02
    1.53136761E-02
    2.08378202E-02
    2.85014236E-02
    3.90702832E-02
    5.35574283E-02
    7.32905353E-02
    9.99923973E-02
    1.35874875E-01
    1.83745732E-01
    2.47126321E-01
    3.30375966E-01
    4.38816534E-01
    5.78847744E-01
    7.58040412E-01
    9.85191036E-01
    1.27031668E+00
    1.62456407E+00
    2.06000139E+00
    2.58925809E+00
    3.22498080E+00
    3.97908815E+00
    4.86183417E+00
    5.88072251E+00
    7.03933868E+00
    8.33618060E+00
    9.76357611E+00
    1.13067858E+01
    1.29433960E+01
    1.46431090E+01
    1.63680264E+01
    1.80734883E+01
    1.97094993E+01
    2.12227125E+01
    2.25589159E+01
    2.36658473E+01
    2.44965012E+01
    2.50149162E+01
    2.52120322E+01
    2.51973366E+01
    2.49226164E+01
    2.43442704E+01
    2.34684210E+01
    2.23255957E+01
    2.09625966E+01
    1.94325925E+01
    1.77902079E+01
    1.60883623E+01
    1.43758771E+01
    1.26957575E+01
    1.10840045E+01
    9.56881688E+00
    8.17058679E+00
    6.90236161E+00
    5.77071044E+00
    4.77637882E+00
    3.91474099E+00
    3.17795135E+00
    2.55584476E+00
    2.03641500E+00
    1.60766834E+00
    1.25778512E+00
    9.75614738E-01
    7.50531475E-01
    5.72692775E-01
    4.33617962E-01
    2.77721134E-01
    2.06262550E-01
    1.52305134E-01
    1.11817317E-01
    8.16775911E-02
    5.93140441E-02
    4.29042970E-02
    3.10069437E-02
    2.24426780E-02
    1.63057481E-02
    1.19327739E-02
    8.83547900E-03
    6.65688125E-03
    5.14088466E-03
    4.07766113E-03
    3.34790681E-03
    2.84730514E-03
    2.50836513E-03
    2.28239353E-03
    2.13695824E-03
    2.05069950E-03
    2.01011672E-03
    2.00202427E-03
    2.01527100E-03
    2.06538032E-03
    2.16155642E-03
    2.31867204E-03
    2.55871885E-03
    2.91452169E-03
    3.43399885E-03
    4.18557008E-03
    5.26544570E-03
    6.80743324E-03
    8.99606932E-03
    1.20840876E-02
    1.64154327E-02
    2.24551178E-02
    3.08272673E-02
    4.23627221E-02
    5.81575896E-02
    7.96439497E-02
    1.08673488E-01
    1.47614045E-01
    1.99457888E-01
    2.67938836E-01
    3.57653142E-01
    4.74176466E-01
    6.24166141E-01
    8.15434413E-01
    1.05697433E+00
    1.35891557E+00
    1.73238281E+00
    2.18922604E+00
    2.74159245E+00
    3.40131787E+00
    4.17913409E+00
    5.08371457E+00
    6.12060744E+00
    7.29112351E+00
    8.59125881E+00
    1.00107399E+01
    1.15322874E+01
    1.31311971E+01
    1.47753358E+01
    1.64256249E+01
    1.80370517E+01
    1.95602147E+01
    2.09433272E+01
    2.21346349E+01
    2.30851513E+01
    2.37530512E+01
    2.41141602E+01
    2.41992628E+01
    2.41074098E+01
    2.37341324E+01
    2.30705835E+01
    2.21292963E+01
    2.09474119E+01
    1.95734168E+01
    1.80595126E+01
    1.64577373E+01
    1.48174111E+01
    1.31831711E+01
    1.15935197E+01
    1.00801137E+01
    8.66697254E+00
    7.37114330E+00
    6.20289474E+00
    5.16625548E+00
    4.25975731E+00
    3.47725255E+00
    2.81090925E+00
    2.25103152E+00
    1.78643854E+00
    1.40546181E+00
    1.09629363E+00
    8.48087889E-01
    6.49731735E-01
    4.93193593E-01
    3.71337040E-01
    2.36217773E-01
    1.74447566E-01
    1.28107944E-01
    9.35796191E-02
    6.80264100E-02
    4.92558799E-02
    3.55754465E-02
    2.56776210E-02
    1.85640214E-02
    1.34839866E-02
    9.87926658E-03
    7.33785387E-03
    5.55839505E-03
    4.31957670E-03
    3.46347564E-03
    2.87434345E-03
    2.47687408E-03
    2.20707514E-03
    2.02994570E-03
    1.91930400E-03
    1.85833819E-03
    1.83581632E-03
    1.83575592E-03
    1.86070154E-03
    1.92426438E-03
    2.03646397E-03
    2.21391278E-03
    2.48123780E-03
    2.87501507E-03
    3.44822044E-03
    4.27611109E-03
    5.46419293E-03
    7.15895882E-03
    9.56225123E-03
    1.29503118E-02
    1.76987247E-02
    2.43145483E-02
    3.34769841E-02
    4.60879520E-02
    6.33338742E-02
    8.67596824E-02
    1.18355498E-01
    1.60655480E-01
    2.16846997E-01
    2.90886368E-01
    3.87615081E-01
    5.12867595E-01
    6.73558513E-01
    8.77733291E-01
    1.13456254E+00
    1.45425587E+00
    1.84786779E+00
    2.32696716E+00
    2.90314605E+00
    3.58735589E+00
    4.38907906E+00
    5.31536773E+00
    6.36980346E+00
    7.55144651E+00
    8.85385448E+00
    1.02642571E+01
    1.17629791E+01
    1.33232038E+01
    1.49111630E+01
    1.64867980E+01
    1.80049144E+01
    1.94168017E+01
    2.06721927E+01
    2.17216853E+01
    2.25199126E+01
    2.30324812E+01
    2.32526651E+01
    2.32632392E+01
    2.30808192E+01
    2.26135829E+01
    2.18686623E+01
    2.08676930E+01
    1.96524542E+01
    1.82720560E+01
    1.67771394E+01
    1.52169824E+01
    1.36372140E+01
    1.20784848E+01
    1.05751416E+01
    9.15515490E+00
    7.83846136E+00
    6.63856835E+00
    5.56268645E+00
    4.61273228E+00
    3.78690717E+00
    3.07926237E+00
    2.48088843E+00
    1.98062830E+00
    1.56622724E+00
    1.22570507E+00
    9.50351095E-01
    7.30995115E-01
    5.57966719E-01
    4.22528950E-01
    3.17409359E-01
    1.99351825E-01
    1.46828292E-01
    1.07477812E-01
    7.82277970E-02
    5.66605409E-02
    4.08827138E-02
    2.94361586E-02
    2.11960963E-02
    1.53048159E-02
    1.11195844E-02
    8.16471999E-03
    6.09188372E-03
    4.64735491E-03
    3.64678063E-03
    2.95746686E-03
    2.48744002E-03
    2.16838387E-03
    1.95603321E-03
    1.81916488E-03
    1.73737775E-03
    1.69727740E-03
    1.68758656E-03
    1.69484589E-03
    1.73226566E-03
    1.80956725E-03
    1.93862969E-03
    2.13800929E-03
    2.43533335E-03
    2.87131496E-03
    3.50451313E-03
    4.41776981E-03
    5.72694514E-03
    7.59268321E-03
    1.02361193E-02
    1.39596156E-02
    1.91737438E-02
    2.64318152E-02
    3.64733069E-02
    5.02775206E-02
    6.91286497E-02
    9.46930367E-02
    1.29108684E-01
    1.75085991E-01
    2.36017116E-01
    3.16089326E-01
    4.20395132E-01
    5.55029029E-01
    7.27157238E-01
    9.45043061E-01
    1.21800658E+00
    1.55629393E+00
    1.97082960E+00
    2.47282684E+00
    3.07323909E+00
    3.78205008E+00
    4.60742041E+00
    5.55472958E+00
    6.62557062E+00
    7.81676787E+00
    9.11949715E+00
    1.05185928E+01
    1.19921290E+01
    1.35113624E+01
    1.50411005E+01
    1.65405153E+01
    1.79644067E+01
    1.92648366E+01
    2.03930199E+01
    2.13020806E+01
    2.19515087E+01
    2.23181436E+01
    2.24247229E+01
    2.23766884E+01
    2.20938106E+01
    2.15364795E+01
    2.07162120E+01
    1.96629526E+01
    1.84214469E+01
    1.70405391E+01
    1.55687411E+01
    1.40525209E+01
    1.25338931E+01
    1.10500713E+01
    9.63094083E+00
    8.30002042E+00
    7.07320170E+00
    5.96281160E+00
    4.97575531E+00
    4.11171839E+00
    3.36433000E+00
    2.72406830E+00
    2.18243263E+00
    1.73173206E+00
    1.36338890E+00
    1.06433561E+00
    8.23288706E-01
    6.30174993E-01
    4.78095162E-01
    3.59907746E-01
    2.68849700E-01
    1.68016601E-01
    1.23184034E-01
    8.97638854E-02
    6.50592486E-02
    4.69426667E-02
    3.37632986E-02
    2.42517671E-02
    1.74368064E-02
    1.25864369E-02
    9.15644704E-03
    6.74619776E-03
    5.06338487E-03
    3.89585452E-03
    3.09056901E-03
    2.53877533E-03
    2.16369746E-03
    1.91139396E-03
    1.74616670E-03
    1.64238011E-03
    1.58437132E-03
    1.56102196E-03
    1.55922277E-03
    1.57576874E-03
    1.62554958E-03
    1.71707191E-03
    1.86403723E-03
    2.08725923E-03
    2.41772049E-03
    2.90068726E-03
    3.60088706E-03
    4.60957762E-03
    6.05413816E-03
    8.11096521E-03
    1.10226286E-02
    1.51204016E-02
    2.08533975E-02
    2.88256197E-02
    3.98422634E-02
    5.49665337E-02
    7.55879952E-02
    1.03502949E-01
    1.41006468E-01
    1.90994460E-01
    2.57072373E-01
    3.43664914E-01
    4.56118434E-01
    6.00784480E-01
    7.85069475E-01
    1.01743177E+00
    1.30730385E+00
    1.66491494E+00
    2.10098948E+00
    2.62630142E+00
    3.25107460E+00
    3.98423598E+00
    4.83254742E+00
    5.79966079E+00
    6.88515682E+00
    8.08363921E+00
    9.38396217E+00
    1.07686725E+01
    1.22137496E+01
    1.36887204E+01
    1.51571892E+01
    1.65777681E+01
    1.79054069E+01
    1.90929841E+01
    2.00932754E+01
    2.08627313E+01
    2.13680004E+01
    2.16022253E+01
    2.16328757E+01
    2.15099250E+01
    2.11306391E+01
    2.04876090E+01
    1.95991907E+01
    1.85020434E+01
    1.72421564E+01
    1.58672854E+01
    1.44236011E+01
    1.29550083E+01
    1.14991925E+01
    1.00889399E+01
    8.74979598E+00
    7.50487005E+00
    6.36950172E+00
    5.35025887E+00
    4.44701214E+00
    3.65344092E+00
    2.97092897E+00
    2.39641855E+00
    1.91533246E+00
    1.51557917E+00
    1.18622915E+00
    9.20141168E-01
    7.07551124E-01
    5.39478538E-01
    4.07943000E-01
    3.05946119E-01
    2.27596505E-01
    1.40879357E-01
    1.02852692E-01
    7.46436700E-02
    5.38909171E-02
    3.87484437E-02
    2.77889374E-02
    1.99183242E-02
    1.43060325E-02
    1.03306732E-02
    7.53284498E-03
    5.57617910E-03
    4.21638955E-03
    3.27715294E-03
    2.63229785E-03
    2.19259735E-03
    1.89547491E-03
    1.69750518E-03
    1.57008419E-03
    1.49337559E-03
    1.45478734E-03
    1.44393903E-03
    1.44756382E-03
    1.47522777E-03
    1.53737147E-03
    1.64371168E-03
    1.80983921E-03
    2.05915453E-03
    2.42633707E-03
    2.96166053E-03
    3.73667054E-03
    4.85196088E-03
    6.44770902E-03
    8.71780105E-03
    1.19285410E-02
    1.64430846E-02
    2.27528440E-02
    3.15171734E-02
    4.36126378E-02
    6.01930293E-02
    8.27609362E-02
    1.13251023E-01
    1.54124172E-01
    2.08470177E-01
    2.80114752E-01
    3.73724180E-01
    4.94898053E-01
    6.50237261E-01
    8.47370826E-01
    1.09492172E+00
    1.40238896E+00
    1.77992215E+00
    2.23796709E+00
    2.78676775E+00
    3.43572274E+00
    4.19261080E+00
    5.06271792E+00
    6.04791564E+00
    7.14575354E+00
    8.34863785E+00
    9.64317171E+00
    1.10097350E+01
    1.24223822E+01
    1.38491212E+01
    1.52525743E+01
    1.65909861E+01
    1.78195896E+01
    1.88921756E+01
    1.97635637E+01
    2.03950935E+01
    2.07631763E+01
    2.08847216E+01
    2.08664367E+01
    2.06505833E+01
    2.01792202E+01
    1.94565526E+01
    1.85088397E+01
    1.73770127E+01
    1.61071834E+01
    1.47455614E+01
    1.33354445E+01
    1.19168409E+01
    1.05231829E+01
    9.18783223E+00
    7.93572230E+00
    6.77976608E+00
    5.72429627E+00
    4.77879475E+00
    3.95257435E+00
    3.23904584E+00
    2.62671412E+00
    2.10616304E+00
    1.67263935E+00
    1.31622202E+00
    1.02651049E+00
    7.93350139E-01
    6.07555009E-01
    4.61101233E-01
    3.46943626E-01
    2.58907716E-01
    1.91687232E-01
    1.17658350E-01
    8.55299180E-02
    6.18167103E-02
    4.44608829E-02
    3.18632725E-02
    2.27926005E-02
    1.63105411E-02
    1.17105379E-02
    8.46765812E-03
    6.19610016E-03
    4.61490788E-03
    3.52104422E-03
    2.76884297E-03
    2.25478492E-03
    1.90607905E-03
    1.67209146E-03
    1.51830897E-03
    1.42173999E-03
    1.36717448E-03
    1.34406203E-03
    1.34084044E-03
    1.35170787E-03
    1.39049923E-03
    1.46521777E-03
    1.58719750E-03
    1.77403489E-03
    2.05206101E-03
    2.46002184E-03
    3.05370411E-03
    3.91219228E-03
    5.14642995E-03
    6.91078855E-03
    9.41851899E-03
    1.29621181E-02
    1.79397742E-02
    2.48891509E-02
    3.45298071E-02
    4.78154974E-02
    6.59973734E-02
    9.06986411E-02
    1.24000437E-01
    1.68537532E-01
    2.27600807E-01
    3.05241343E-01
    4.06368356E-01
    5.36830183E-01
    7.03464147E-01
    9.14097720E-01
    1.17748031E+00
    1.50312313E+00
    1.90102525E+00
    2.38126812E+00
    2.95347027E+00
    3.62610737E+00
    4.40571934E+00
    5.29604301E+00
    6.29712382E+00
    7.40447168E+00
    8.60833154E+00
    9.89314089E+00
    1.12372498E+01
    1.26129745E+01
    1.39870223E+01
    1.53212435E+01
    1.65736847E+01
    1.76999859E+01
    1.86550343E+01
    1.93965681E+01
    1.98930083E+01
    2.01354676E+01
    2.01805123E+01
    2.01009901E+01
    1.97909361E+01
    1.92322703E+01
    1.84375280E+01
    1.74402976E+01
    1.62834179E+01
    1.50123359E+01
    1.36702504E+01
    1.22974099E+01
    1.09333727E+01
    9.61265406E+00
    8.35816546E+00
    7.17654582E+00
    6.09167302E+00
    5.12550629E+00
    4.26854553E+00
    3.51232833E+00
    2.85993326E+00
    2.30609762E+00
    1.84207321E+00
    1.45740637E+00
    1.14197053E+00
    8.86285310E-01
    6.81478679E-01
    5.19273335E-01
    3.92211909E-01
    2.93730386E-01
    2.18184446E-01
    1.60802946E-01
    9.78538388E-02
    7.08310483E-02
    5.09891855E-02
    3.65420353E-02
    2.61101054E-02
    1.86367910E-02
    1.33223239E-02
    9.56899442E-03
    6.93555730E-03
    5.09956849E-03
    3.82746870E-03
    2.95138451E-03
    2.35162933E-03
    1.94370062E-03
    1.66858281E-03
    1.48565737E-03
    1.36757186E-03
    1.29619009E-03
    1.25959142E-03
    1.24826382E-03
    1.24946804E-03
    1.26974419E-03
    1.31957131E-03
    1.40727109E-03
    1.54588354E-03
    1.75526408E-03
    2.06500221E-03
    2.51830102E-03
    3.17701853E-03
    4.12857453E-03
    5.49537372E-03
    7.44749559E-03
    1.02195694E-02
    1.41329003E-02
    1.96240318E-02
    2.72810095E-02
    3.78886143E-02
    5.24837203E-02
    7.24216138E-02
    9.94535253E-02
    1.35814696E-01
    1.84320963E-01
    2.48470008E-01
    3.32541125E-01
    4.41684598E-01
    5.81988634E-01
    7.60508463E-01
    9.85239025E-01
    1.26501027E+00
    1.60928343E+00
    2.02782887E+00
    2.53027272E+00
    3.12550991E+00
    3.82099595E+00
    4.62194524E+00
    5.53047954E+00
    6.54478364E+00
    7.65833365E+00
    8.85926581E+00
    1.01299553E+01
    1.14468782E+01
    1.27808138E+01
    1.40973853E+01
    1.53578583E+01
    1.65202337E+01
    1.75407268E+01
    1.83758125E+01
    1.89878654E+01
    1.93552623E+01
    1.94895066E+01
    1.94871906E+01
    1.93263741E+01
    1.89252648E+01
    1.82852889E+01
    1.74278908E+01
    1.63917679E+01
    1.52193523E+01
    1.39544636E+01
    1.26382830E+01
    1.13142013E+01
    1.00139937E+01
    8.75436328E+00
    7.56175574E+00
    6.47182630E+00
    5.47901819E+00
    4.58162017E+00
    3.79061453E+00
    3.10512755E+00
    2.51847701E+00
    2.02215103E+00
    1.60738078E+00
    1.26522174E+00
    9.86406311E-01
    7.61835299E-01
    5.82981334E-01
    4.42097316E-01
    3.32319580E-01
    2.47684122E-01
    1.83110438E-01
    1.34332083E-01
    8.10525964E-02
    5.84242755E-02
    4.18961368E-02
    2.99247920E-02
    2.13253404E-02
    1.51957327E-02
    1.08580773E-02
    7.80931108E-03
    5.68033668E-03
    4.20296710E-03
    3.18400424E-03
    2.48537690E-03
    2.00926513E-03
    1.68706817E-03
    1.47126723E-03
    1.32953393E-03
    1.24033582E-03
    1.18946608E-03
    1.16709282E-03
    1.16303506E-03
    1.16981880E-03
    1.19992491E-03
    1.26083326E-03
    1.36211097E-03
    1.51858420E-03
    1.75266044E-03
    2.09751772E-03
    2.60124581E-03
    3.33239324E-03
    4.38759152E-03
    5.90191712E-03
    8.06279012E-03
    1.11283679E-02
    1.54515302E-02
    2.15106582E-02
    2.99484631E-02
    4.16200841E-02
    5.76514844E-02
    7.95087557E-02
    1.09078224E-01
    1.48756184E-01
    2.01545549E-01
    2.71154689E-01
    3.62091301E-01
    4.79741195E-01
    6.30418762E-01
    8.21372626E-01
    1.06072726E+00
    1.35733984E+00
    1.72055220E+00
    2.15982207E+00
    2.68422567E+00
    3.30183574E+00
    4.01899345E+00
    4.83950779E+00
    5.76383042E+00
    6.78826552E+00
    7.90427863E+00
    9.09796856E+00
    1.03497713E+01
    1.16344637E+01
    1.29214976E+01
    1.41756139E+01
    1.53576549E+01
    1.64257318E+01
    1.73369088E+01
    1.80501802E+01
    1.85350646E+01
    1.87838454E+01
    1.88397814E+01
    1.87888950E+01
    1.85378436E+01
    1.80500943E+01
    1.73366758E+01
    1.64271520E+01
    1.53617099E+01
    1.41817312E+01
    1.29341045E+01
    1.16589119E+01
    1.03839092E+01
    9.12871499E+00
    7.94941589E+00
    6.84467475E+00
    5.82146932E+00
    4.89730762E+00
    4.07767172E+00
    3.35998052E+00
    2.73945805E+00
    2.21054792E+00
    1.76586360E+00
    1.39674324E+00
    1.09409368E+00
    8.48845380E-01
    6.52379188E-01
    4.96763858E-01
    3.74866222E-01
    2.80410503E-01
    2.07990696E-01
    1.53041257E-01
    1.11759641E-01
    6.68653375E-02
    4.80014040E-02
    3.42958208E-02
    2.44209928E-02
    1.73640346E-02
    1.23590066E-02
    8.83441357E-03
    6.36897082E-03
    4.65543776E-03
    3.47184080E-03
    2.65916752E-03
    2.10444975E-03
    1.72816808E-03
    1.47496469E-03
    1.30685803E-03
    1.19832586E-03
    1.13248773E-03
    1.09811177E-03
    1.08649488E-03
    1.08660130E-03
    1.10097875E-03
    1.14084334E-03
    1.21307159E-03
    1.32868878E-03
    1.50449784E-03
    1.76575318E-03
    2.14956055E-03
    2.70937057E-03
    3.52110588E-03
    4.69156812E-03
    6.36981598E-03
    8.76235928E-03
    1.21531644E-02
    1.69295929E-02
    2.36154855E-02
    3.29126214E-02
    4.57516967E-02
    6.33536864E-02
    8.73019269E-02
    1.19624403E-01
    1.62884500E-01
    2.20276748E-01
    2.95721916E-01
    3.93953215E-01
    5.20582338E-01
    6.82130963E-01
    8.86010374E-01
    1.14042974E+00
    1.45421309E+00
    1.83650735E+00
    2.29636924E+00
    2.84222886E+00
    3.48123994E+00
    4.21854078E+00
    5.05646474E+00
    5.99375234E+00
    7.02482469E+00
    8.13917905E+00
    9.32096813E+00
    1.05488327E+01
    1.17960410E+01
    1.30309243E+01
    1.42175161E+01
    1.53163788E+01
    1.62859514E+01
    1.70847120E+01
    1.76758884E+01
    1.80392441E+01
    1.81849259E+01
    1.81920691E+01
    1.80732938E+01
    1.77329898E+01
    1.71646013E+01
    1.63871667E+01
    1.54359678E+01
    1.43520372E+01
    1.31820331E+01
    1.19654360E+01
    1.07131188E+01
    9.49255007E+00
    8.32147525E+00
    7.20087664E+00
    6.16186931E+00
    5.21703704E+00
    4.36970108E+00
    3.62024992E+00
    2.96745842E+00
    2.40712372E+00
    1.93277854E+00
    1.53638730E+00
    1.20923448E+00
    9.42505987E-01
    7.27592410E-01
    5.56408244E-01
    4.21585322E-01
    3.16566557E-01
    2.35642590E-01
    1.73942323E-01
    1.27385667E-01
    9.26007765E-02
    5.49410148E-02
    3.92860152E-02
    2.79724682E-02
    1.98638475E-02
    1.40987258E-02
    1.00302314E-02
    7.17907218E-03
    5.19419767E-03
    3.82111042E-03
    2.87699246E-03
    2.23163157E-03
    1.79308548E-03
    1.49707505E-03
    1.29922197E-03
    1.16940666E-03
    1.08762810E-03
    1.04061780E-03
    1.01919839E-03
    1.01461370E-03
    1.01888543E-03
    1.04180817E-03
    1.09138443E-03
    1.17533165E-03
    1.30624027E-03
    1.50313136E-03
    1.79439321E-03
    2.22142351E-03
    2.84355938E-03
    3.74484813E-03
    5.04330264E-03
    6.90337256E-03
    9.55251899E-03
    1.33029206E-02
    1.85794536E-02
    2.59551519E-02
    3.61953383E-02
    5.03114561E-02
    6.96252644E-02
    9.58434083E-02
    1.31141389E-01
    1.78254550E-01
    2.40571799E-01
    3.22225457E-01
    4.28167885E-01
    5.64222509E-01
    7.37093886E-01
    9.54318903E-01
    1.22413988E+00
    1.55528111E+00
    1.95661395E+00
    2.43670303E+00
    3.00323660E+00
    3.66235661E+00
    4.41791805E+00
    5.27072116E+00
    6.21777096E+00
    7.25162223E+00
    8.35986627E+00
    9.52482215E+00
    1.07234997E+01
    1.19278580E+01
    1.31052963E+01
    1.42192861E+01
    1.52302756E+01
    1.60974131E+01
    1.67816222E+01
    1.72527897E+01
    1.75041348E+01
    1.75702440E+01
    1.75387433E+01
    1.73360155E+01
    1.69105590E+01
    1.62687288E+01
    1.54371459E+01
    1.44576240E+01
    1.33717984E+01
    1.22125292E+01
    1.10118499E+01
    9.83039313E+00
    8.66159104E+00
    7.54311618E+00
    6.49704764E+00
    5.53460724E+00
    4.66213788E+00
    3.88427470E+00
    3.20149672E+00
    2.61102554E+00
    2.10742695E+00
    1.68365816E+00
    1.33162906E+00
    1.04281518E+00
    8.08716046E-01
    6.21175865E-01
    4.72646937E-01
    3.56330020E-01
    2.66237217E-01
    1.97205207E-01
    1.44867307E-01
    1.05595058E-01
    7.64138194E-02
    4.49644758E-02
    3.20315832E-02
    2.27351250E-02
    1.61070090E-02
    1.14184738E-02
    8.12611506E-03
    5.83002838E-03
    4.23914415E-03
    3.14369603E-03
    2.39386734E-03
    1.88357937E-03
    1.53840816E-03
    1.30670704E-03
    1.15315472E-03
    1.05405379E-03
    9.93786117E-04
    9.61782430E-04
    9.50153588E-04
    9.49585725E-04
    9.59739651E-04
    9.91273832E-04
    1.05065440E-03
    1.14687988E-03
    1.29424750E-03
    1.51424864E-03
    1.83869719E-03
    2.31368311E-03
    3.00500981E-03
    4.00566742E-03
    5.44600280E-03
    7.50736030E-03
    1.04401192E-02
    1.45871839E-02
    2.04140799E-02
    2.85468453E-02
    3.98188377E-02
    5.53273444E-02
    7.65004090E-02
    1.05173509E-01
    1.43674595E-01
    1.94914392E-01
    2.62476834E-01
    3.50702017E-01
    4.64751220E-01
    6.10640623E-01
    7.95227547E-01
    1.02613117E+00
    1.31156921E+00
    1.66009412E+00
    2.08021749E+00
    2.57991987E+00
    3.16605433E+00
    3.84366475E+00
    4.61525324E+00
    5.48004466E+00
    6.43330301E+00
    7.46575348E+00
    8.56316425E+00
    9.70615505E+00
    1.08702860E+01
    1.20264017E+01
    1.31411280E+01
    1.41775071E+01
    1.50961309E+01
    1.58575310E+01
    1.64266868E+01
    1.67829745E+01
    1.69363028E+01
    1.69525069E+01
    1.68645452E+01
    1.65760924E+01
    1.60710246E+01
    1.53653692E+01
    1.44968806E+01
    1.35064645E+01
    1.24085743E+01
    1.12761736E+01
    1.01236916E+01
    8.97770188E+00
    7.87000934E+00
    6.82171106E+00
    5.84555278E+00
    4.95286020E+00
    4.15016662E+00
    3.43994936E+00
    2.82082598E+00
    2.28884578E+00
    1.83800337E+00
    1.46096748E+00
    1.14964882E+00
    8.95747589E-01
    6.91143325E-01
    5.28177636E-01
    3.99853023E-01
    2.99932907E-01
    2.22980344E-01
    1.64351195E-01
    1.20151345E-01
    8.71709268E-02
    6.27999409E-02
    3.66554537E-02
    2.60203776E-02
    1.84163957E-02
    1.30231725E-02
    9.22747026E-03
    6.57521046E-03
    4.73443010E-03
    3.46500119E-03
    2.59489141E-03
    2.00195242E-03
    1.60022264E-03
    1.32980148E-03
    1.14946316E-03
    1.03130863E-03
    9.56814642E-04
    9.13748032E-04
    8.93485599E-04
    8.88589601E-04
    8.91113434E-04
    9.08495070E-04
    9.48546680E-04
    1.01795723E-03
    1.12717953E-03
    1.29240111E-03
    1.53782676E-03
    1.89900372E-03
    2.42715597E-03
    3.19518791E-03
    4.30591748E-03
    5.90322743E-03
    8.18694993E-03
    1.14324442E-02
    1.60159454E-02
    2.24468376E-02
    3.14080034E-02
    4.38052736E-02
    6.08266827E-02
    8.40116481E-02
    1.15329278E-01
    1.57263741E-01
    2.12902832E-01
    2.86023713E-01
    3.81167180E-01
    5.03689004E-01
    6.59774049E-01
    8.56396538E-01
    1.10120863E+00
    1.40234008E+00
    1.76809518E+00
    2.20653943E+00
    2.72497827E+00
    3.32934104E+00
    4.02349603E+00
    4.80853633E+00
    5.68208686E+00
    6.63768494E+00
    7.66428292E+00
    8.74592983E+00
    9.86170195E+00
    1.09858986E+01
    1.20884246E+01
    1.31352589E+01
    1.40891931E+01
    1.49114345E+01
    1.55650095E+01
    1.60210719E+01
    1.62711154E+01
    1.63457576E+01
    1.63289915E+01
    1.61648475E+01
    1.57936361E+01
    1.52177982E+01
    1.44646701E+01
    1.35720098E+01
    1.25568478E+01
    1.14945734E+01
    1.03818776E+01
    9.26612632E+00
    8.17576425E+00
    7.13001351E+00
    6.14663777E+00
    5.23884681E+00
    4.41548633E+00
    3.68066939E+00
    3.03498298E+00
    2.47591228E+00
    1.99866791E+00
    1.59677423E+00
    1.26273688E+00
    9.88582512E-01
    7.66316889E-01
    5.88253792E-01
    4.47252274E-01
    3.36864790E-01
    2.51405654E-01
    1.85967138E-01
    1.36395066E-01
    9.92352423E-02
    7.16634152E-02
    5.14020368E-02
    2.97665238E-02
    2.10615428E-02
    1.48706446E-02
    1.05024007E-02
    7.44354977E-03
    5.31664825E-03
    3.84754205E-03
    2.83913135E-03
    2.15104657E-03
    1.68421548E-03
    1.36936019E-03
    1.15856211E-03
    1.01914622E-03
    9.29240465E-04
    8.74408684E-04
    8.44950881E-04
    8.33545263E-04
    8.32477580E-04
    8.39565274E-04
    8.64373639E-04
    9.12903216E-04
    9.92735536E-04
    1.11586208E-03
    1.30056776E-03
    1.57402100E-03
    1.97583836E-03
    2.56286292E-03
    3.41578899E-03
    4.64821232E-03
    6.41882816E-03
    8.94763034E-03
    1.25371003E-02
    1.75994774E-02
    2.46912502E-02
    3.45559602E-02
    4.81762142E-02
    6.68353878E-02
    9.21887940E-02
    1.26343041E-01
    1.71940866E-01
    2.32246790E-01
    3.11226616E-01
    4.13611153E-01
    5.44931755E-01
    7.11512695E-01
    9.20403591E-01
    1.17923473E+00
    1.49597989E+00
    1.87861581E+00
    2.33467531E+00
    2.87070074E+00
    3.49161598E+00
    4.20004753E+00
    4.99563928E+00
    5.87441095E+00
    6.82820735E+00
    7.84428452E+00
    8.90509866E+00
    9.98835628E+00
    1.10672778E+01
    1.21109706E+01
    1.30848890E+01
    1.39518783E+01
    1.46745023E+01
    1.52197571E+01
    1.55673428E+01
    1.57241342E+01
    1.57483827E+01
    1.56844339E+01
    1.54393343E+01
    1.49923371E+01
    1.43585874E+01
    1.35657617E+01
    1.26475134E+01
    1.16508808E+01
    1.05951538E+01
    9.51990610E+00
    8.45377319E+00
    7.41838247E+00
    6.43420396E+00
    5.51701627E+00
    4.67731968E+00
    3.92142313E+00
    3.25169611E+00
    2.66728352E+00
    2.16466574E+00
    1.73838696E+00
    1.38166971E+00
    1.08700130E+00
    8.46617178E-01
    6.52888380E-01
    4.98599317E-01
    3.77137457E-01
    2.82599834E-01
    2.09834741E-01
    1.54437779E-01
    1.12713510E-01
    8.16146529E-02
    5.86699255E-02
    4.19027334E-02
    2.40807509E-02
    1.69889545E-02
    1.19720389E-02
    8.45037807E-03
    5.99669451E-03
    4.29889395E-03
    3.13173077E-03
    2.33425177E-03
    1.79251525E-03
    1.42659563E-03
    1.18098207E-03
    1.01759158E-03
    9.10716337E-04
    8.43309446E-04
    8.04082509E-04
    7.85192360E-04
    7.79992823E-04
    7.81469843E-04
    7.94562267E-04
    8.26712125E-04
    8.83798882E-04
    9.74584116E-04
    1.11270724E-03
    1.31876047E-03
    1.62313546E-03
    2.06988427E-03
    2.72199738E-03
    3.66870081E-03
    5.03537983E-03
    6.99688661E-03
    9.79511950E-03
    1.37618857E-02
    1.93481411E-02
    2.71607157E-02
    3.80075309E-02
    5.29520411E-02
    7.33771168E-02
    1.01057749E-01
    1.38240766E-01
    1.87728147E-01
    2.52958456E-01
    3.38078460E-01
    4.47994390E-01
    5.88389622E-01
    7.65693358E-01
    9.86983760E-01
    1.25980952E+00
    1.59191676E+00
    1.99087392E+00
    2.46359597E+00
    3.01577935E+00
    3.65126982E+00
    4.37139978E+00
    5.17434174E+00
    6.05452474E+00
    7.00215423E+00
    8.00288685E+00
    9.03773527E+00
    1.00832173E+01
    1.11116308E+01
    1.20914023E+01
    1.29876387E+01
    1.37637889E+01
    1.43848672E+01
    1.48236983E+01
    1.50707710E+01
    1.51513217E+01
    1.51450354E+01
    1.50130718E+01
    1.46902601E+01
    1.41802522E+01
    1.34927042E+01
    1.26782795E+01
    1.17563478E+01
    1.07642198E+01
    9.73641482E+00
    8.70065619E+00
    7.68289923E+00
    6.70471123E+00
    5.78378107E+00
    4.93270349E+00
    4.15965619E+00
    3.46894646E+00
    2.86135828E+00
    2.33480510E+00
    1.88495443E+00
    1.50588252E+00
    1.19065838E+00
    9.31863979E-01
    7.22019784E-01
    5.53911124E-01
    4.20817060E-01
    3.16655812E-01
    2.36057451E-01
    1.74382463E-01
    1.27700928E-01
    9.27438392E-02
    6.68378416E-02
    4.78325295E-02
    3.40218240E-02
    1.94091585E-02
    1.36589501E-02
    9.61254227E-03
    6.78668490E-03
    4.82759450E-03
    3.47857274E-03
    2.55552027E-03
    1.92768521E-03
    1.50306820E-03
    1.21754860E-03
    1.02691873E-03
    9.01123044E-04
    8.20077581E-04
    7.70533823E-04
    7.43585837E-04
    7.32702689E-04
    7.31167683E-04
    7.36143981E-04
    7.55493763E-04
    7.94892976E-04
    8.60787686E-04
    9.63215725E-04
    1.11761787E-03
    1.34711497E-03
    1.68559902E-03
    2.18195620E-03
    2.90589529E-03
    3.95596626E-03
    5.47041178E-03
    7.64164359E-03
    1.07352610E-02
    1.51146378E-02
    2.12721604E-02
    2.98681742E-02
    4.17785294E-02
    5.81512596E-02
    8.04722988E-02
    1.10639174E-01
    1.51040271E-01
    2.04635545E-01
    2.75032295E-01
    3.66547207E-01
    4.84243237E-01
    6.33927494E-01
    8.22094590E-01
    1.05579952E+00
    1.34244565E+00
    1.68947745E+00
    2.10397445E+00
    2.59215221E+00
    3.15878544E+00
    3.80658075E+00
    4.53554020E+00
    5.34236208E+00
    6.21991826E+00
    7.15684614E+00
    8.13732255E+00
    9.14108518E+00
    1.01436332E+01
    1.11164629E+01
    1.20274448E+01
    1.28416505E+01
    1.35239674E+01
    1.40431365E+01
    1.43798945E+01
    1.45384916E+01
    1.45684019E+01
    1.45220484E+01
    1.43160312E+01
    1.39287663E+01
    1.33546510E+01
    1.26432956E+01
    1.18046613E+01
    1.08822394E+01
    9.90890514E+00
    8.91211338E+00
    7.91926611E+00
    6.95414194E+00
    6.03562604E+00
    5.17842170E+00
    4.39265768E+00
    3.68444962E+00
    3.05632029E+00
    2.50767582E+00
    2.03543417E+00
    1.63464059E+00
    1.29907000E+00
    1.02176580E+00
    7.95499905E-01
    6.13140337E-01
    4.67922779E-01
    3.53633635E-01
    2.64716853E-01
    1.96318495E-01
    1.44285525E-01
    1.05131635E-01
    7.59814164E-02
    5.45027852E-02
    3.88349899E-02
    2.75134676E-02
    1.55881412E-02
    1.09480545E-02
    7.69995194E-03
    5.44314881E-03
    3.88629694E-03
    2.81938310E-03
    2.09273079E-03
    1.60068589E-03
    1.26937148E-03
    1.04764642E-03
    9.00533046E-04
    8.04479619E-04
    7.43882771E-04
    7.08429576E-04
    6.91009528E-04
    6.85917778E-04
    6.86536625E-04
    6.96240328E-04
    7.21811904E-04
    7.68477140E-04
    8.43545832E-04
    9.58448200E-04
    1.13059971E-03
    1.38586871E-03
    1.76194315E-03
    2.31297544E-03
    3.11600478E-03
    4.27974336E-03
    5.95640756E-03
    8.35741707E-03
    1.17739028E-02
    1.66030534E-02
    2.33813576E-02
    3.28257222E-02
    4.58832140E-02
    6.37897168E-02
    8.81370531E-02
    1.20947019E-01
    1.64749293E-01
    2.22658323E-01
    2.98441959E-01
    3.96572177E-01
    5.22245730E-01
    6.81360515E-01
    8.80432328E-01
    1.12643709E+00
    1.42656617E+00
    1.78788751E+00
    2.21691319E+00
    2.71908309E+00
    3.29818377E+00
    3.95573542E+00
    4.69039175E+00
    5.49739309E+00
    6.36810493E+00
    7.28968697E+00
    8.24498062E+00
    9.21262391E+00
    1.01672362E+01
    1.10796115E+01
    1.19172633E+01
    1.26457579E+01
    1.32325851E+01
    1.36516574E+01
    1.38939619E+01
    1.39798273E+01
    1.39789769E+01
    1.38766500E+01
    1.36078774E+01
    1.31435000E+01
    1.25349921E+01
    1.17908093E+01
    1.09468770E+01
    1.00349241E+01
    9.08455850E+00
    8.12402455E+00
    7.17861697E+00
    6.26894218E+00
    5.41121382E+00
    4.61750783E+00
    3.89573486E+00
    3.25012691E+00
    2.68166057E+00
    2.18858685E+00
    1.76703526E+00
    1.41160297E+00
    1.11590954E+00
    8.73083443E-01
    6.76164966E-01
    5.18418228E-01
    3.93553070E-01
    2.95866536E-01
    2.20316748E-01
    1.62543892E-01
    1.18852732E-01
    8.61684777E-02
    6.19764481E-02
    4.42538400E-02
    3.13995615E-02
    2.21632820E-02
    1.24769046E-02
    8.75076671E-03
    6.15602995E-03
    4.36230425E-03
    3.13096291E-03
    2.29110955E-03
    1.72170555E-03
    1.33784083E-03
    1.08052718E-03
    9.09225892E-04
    7.96451312E-04
    7.23877011E-04
    6.79423326E-04
    6.55010447E-04
    6.44786322E-04
    6.43097336E-04
    6.46348057E-04
    6.61286830E-04
    6.93035879E-04
    7.47096903E-04
    8.31825154E-04
    9.60186838E-04
    1.15174611E-03
    1.43534264E-03
    1.85278077E-03
    2.46394478E-03
    3.35385389E-03
    4.64226056E-03
    6.49650937E-03
    9.14850648E-03
    1.29167551E-02
    1.82344791E-02
    2.56848464E-02
    3.60441710E-02
    5.03336619E-02
    6.98797305E-02
    9.63820031E-02
    1.31986954E-01
    1.79363443E-01
    2.41774488E-01
    3.23137207E-01
    4.28060496E-01
    5.61847746E-01
    7.30450255E-01
    9.40356574E-01
    1.19840433E+00
    1.51150449E+00
    1.88627434E+00
    2.32858385E+00
    2.84302834E+00
    3.43235112E+00
    4.09685499E+00
    4.83384629E+00
    5.63714111E+00
    6.49666503E+00
    7.39821388E+00
    8.32346058E+00
    9.25010343E+00
    1.01519772E+01
    1.09992830E+01
    1.17595037E+01
    1.23994948E+01
    1.28908204E+01
    1.32140605E+01
    1.33733966E+01
    1.34084148E+01
    1.33760512E+01
    1.32148806E+01
    1.28611878E+01
    1.23613510E+01
    1.17159825E+01
    1.09555323E+01
    1.01112589E+01
    9.21416406E+00
    8.29327754E+00
    7.37452805E+00
    6.48008434E+00
    5.62773451E+00
    4.83118590E+00
    4.10015200E+00
    3.44054941E+00
    2.85493934E+00
    2.34298127E+00
    1.90198114E+00
    1.52746850E+00
    1.21375061E+00
    9.54418268E-01
    7.42778536E-01
    5.72202628E-01
    4.36386082E-01
    3.29525688E-01
    2.46424320E-01
    1.82536975E-01
    1.33972219E-01
    9.74619069E-02
    7.03101089E-02
    5.03303718E-02
    3.57782108E-02
    2.52837275E-02
    1.77854280E-02
    9.95498999E-03
    6.97745946E-03
    4.91475910E-03
    3.49597711E-03
    2.52673968E-03
    1.86873752E-03
    1.42462470E-03
    1.12654373E-03
    9.27672976E-04
    7.96085694E-04
    7.10336031E-04
    6.56249460E-04
    6.24462769E-04
    6.08559401E-04
    6.03505438E-04
    6.03637985E-04
    6.10566125E-04
    6.30930659E-04
    6.68780980E-04
    7.30456834E-04
    8.25454394E-04
    9.68414686E-04
    1.18122122E-03
    1.49592207E-03
    1.95878498E-03
    2.63592229E-03
    3.62101512E-03
    5.04576569E-03
    7.09382703E-03
    1.00190810E-02
    1.41692253E-02
    2.00156691E-02
    2.81906822E-02
    3.95325480E-02
    5.51390718E-02
    7.64291355E-02
    1.05211000E-01
    1.43754700E-01
    1.94864108E-01
    2.61942233E-01
    3.49040914E-01
    4.60883812E-01
    6.02849686E-01
    7.80901761E-01
    1.00144941E+00
    1.27113044E+00
    1.59650672E+00
    1.98367325E+00
    2.43778889E+00
    2.96254473E+00
    3.55959947E+00
    4.22802573E+00
    4.96380148E+00
    5.75936717E+00
    6.60329230E+00
    7.48015135E+00
    8.37062169E+00
    9.25157258E+00
    1.00961192E+01
    1.08740911E+01
    1.15535750E+01
    1.21039097E+01
    1.25021706E+01
    1.27364145E+01
    1.28271707E+01
    1.28306987E+01
    1.27598437E+01
    1.25145616E+01
    1.21206693E+01
    1.15768869E+01
    1.09050440E+01
    1.01351341E+01
    9.29810552E+00
    8.42363472E+00
    7.53840685E+00
    6.66562529E+00
    5.82461887E+00
    5.03060883E+00
    4.29493807E+00
    3.62519552E+00
    3.02551484E+00
    2.49700247E+00
    2.03821833E+00
    1.64571949E+00
    1.31460647E+00
    1.03903695E+00
    8.12681358E-01
    6.29102107E-01
    4.82049162E-01
    3.65672508E-01
    2.74659011E-01
    2.04305585E-01
    1.50541997E-01
    1.09916552E-01
    7.95562801E-02
    5.71114272E-02
    4.06920473E-02
    2.88023610E-02
    2.02769554E-02
    1.42197510E-02
    7.91992601E-03
    5.55241679E-03
    3.92074034E-03
    2.80400136E-03
    2.04475002E-03
    1.53166840E-03
    1.18690258E-03
    9.56536531E-04
    8.03635842E-04
    7.03226939E-04
    6.38694698E-04
    5.99117195E-04
    5.77179914E-04
    5.67663282E-04
    5.65796046E-04
    5.67916277E-04
    5.79324987E-04
    6.04685775E-04
    6.48718776E-04
    7.18329883E-04
    8.24332895E-04
    9.83178443E-04
    1.21924325E-03
    1.56803859E-03
    2.08066760E-03
    2.82999297E-03
    3.91906520E-03
    5.49246713E-03
    7.75135075E-03
    1.09730505E-02
    1.55362283E-02
    2.19525099E-02
    3.09054684E-02
    4.32975443E-02
    6.03050033E-02
    8.34402593E-02
    1.14619782E-01
    1.56234323E-01
    2.11216349E-01
    2.83097464E-01
    3.76046329E-01
    4.94875481E-01
    6.45003908E-01
    8.32361753E-01
    1.06322462E+00
    1.34396786E+00
    1.68073679E+00
    2.07903674E+00
    2.54325393E+00
    3.07612662E+00
    3.67820378E+00
    4.34733362E+00
    5.07820000E+00
    5.86192958E+00
    6.68584276E+00
    7.53346163E+00
    8.38461514E+00
    9.21540790E+00
    9.99836366E+00
    1.07033258E+01
    1.12996354E+01
    1.17600706E+01
    1.20687341E+01
    1.22240760E+01
    1.22679446E+01
    1.22538888E+01
    1.21077878E+01
    1.18159792E+01
    1.13731456E+01
    1.07944962E+01
    1.01046362E+01
    9.33385636E+00
    8.51216119E+00
    7.66694769E+00
    6.82227322E+00
    5.99862233E+00
    5.21267565E+00
    4.47726534E+00
    3.80155597E+00
    3.19123751E+00
    2.64887034E+00
    2.17432032E+00
    1.76525189E+00
    1.41765372E+00
    1.12635063E+00
    8.85473075E-01
    6.88861924E-01
    5.30395819E-01
    4.04237583E-01
    3.05003629E-01
    2.27865661E-01
    1.68596966E-01
    1.23576192E-01
    8.97607869E-02
    6.46404997E-02
    4.61795354E-02
    3.27538741E-02
    2.30884502E-02
    1.61975323E-02
    1.13290281E-02
    6.28503416E-03
    4.41202930E-03
    3.12773848E-03
    2.25306852E-03
    1.66119558E-03
    1.26302962E-03
    9.96662714E-04
    8.19513417E-04
    7.02635982E-04
    6.26632651E-04
    5.78710873E-04
    5.50445762E-04
    5.36044828E-04
    5.31135716E-04
    5.31012215E-04
    5.36016042E-04
    5.51877921E-04
    5.82303099E-04
    6.32579631E-04
    7.10545901E-04
    8.28417690E-04
    1.00457329E-03
    1.26606830E-03
    1.65215202E-03
    2.21915635E-03
    3.04723720E-03
    4.24953934E-03
    5.98446623E-03
    8.47185093E-03
    1.20139179E-02
    1.70219714E-02
    2.40497118E-02
    3.38339208E-02
    4.73429122E-02
    6.58325621E-02
    9.09088474E-02
    1.24594590E-01
    1.69396524E-01
    2.28366875E-01
    3.05151521E-01
    4.04014702E-01
    5.29828361E-01
    6.88013129E-01
    8.84418200E-01
    1.12512916E+00
    1.41619651E+00
    1.76328445E+00
    2.17124724E+00
    2.64364591E+00
    3.18223064E+00
    3.78643368E+00
    4.45290143E+00
    5.17506912E+00
    5.94282707E+00
    6.74238687E+00
    7.55639658E+00
    8.36392351E+00
    9.14033489E+00
    9.85772371E+00
    1.04864379E+01
    1.09984416E+01
    1.13730333E+01
    1.16038813E+01
    1.16982070E+01
    1.17144788E+01
    1.16483881E+01
    1.14500569E+01
    1.11066636E+01
    1.06233133E+01
    1.00182665E+01
    9.31931412E+00
    8.55637159E+00
    7.75732745E+00
    6.94694848E+00
    6.14666171E+00
    5.37436329E+00
    4.64428735E+00
    3.96705243E+00
    3.34984299E+00
    2.79666325E+00
    2.30870880E+00
    1.88481132E+00
    1.52192892E+00
    1.21564599E+00
    9.60647063E-01
    7.51139872E-01
    5.81209753E-01
    4.45097432E-01
    3.37400277E-01
    2.53203389E-01
    1.88150984E-01
    1.38470297E-01
    1.00960203E-01
    7.29555445E-02
    5.22764009E-02
    3.71696014E-02
    2.62479298E-02
    1.84308607E-02
    1.28895214E-02
    8.99635792E-03
    4.97740550E-03
    3.50315278E-03
    2.49737619E-03
    1.81570554E-03
    1.35656822E-03
    1.04907334E-03
    8.44283968E-04
    7.08781287E-04
    6.20034402E-04
    5.63080944E-04
    5.28111890E-04
    5.08579470E-04
    4.99811573E-04
    4.97874714E-04
    4.99220148E-04
    5.07746929E-04
    5.27901460E-04
    5.63410095E-04
    6.20136174E-04
    7.06998876E-04
    8.37714506E-04
    1.03272810E-03
    1.32197458E-03
    1.74873179E-03
    2.37497000E-03
    3.28869519E-03
    4.61387910E-03
    6.52367999E-03
    9.25776417E-03
    1.31446127E-02
    1.86297146E-02
    2.63104695E-02
    3.69783961E-02
    5.16688228E-02
    7.17175473E-02
    9.88229620E-02
    1.35110802E-01
    1.83197001E-01
    2.46242179E-01
    3.27989214E-01
    4.32773435E-01
    5.65493445E-01
    7.31530014E-01
    9.36601516E-01
    1.18654675E+00
    1.48703066E+00
    1.84317634E+00
    2.25913309E+00
    2.73759478E+00
    3.27930425E+00
    3.88258835E+00
    4.54292624E+00
    5.25255998E+00
    6.00024609E+00
    6.77126651E+00
    7.54752970E+00
    8.30732189E+00
    9.02531811E+00
    9.67367086E+00
    1.02247066E+01
    1.06553913E+01
    1.09514074E+01
    1.11102289E+01
    1.11548318E+01
    1.11378842E+01
    1.10263365E+01
    1.07802873E+01
    1.03926577E+01
    9.87536244E+00
    9.25297930E+00
    8.55427725E+00
    7.80715463E+00
    7.03694358E+00
    6.26585354E+00
    5.51279095E+00
    4.79321214E+00
    4.11908550E+00
    3.49899567E+00
    2.93834988E+00
    2.43967472E+00
    2.00300536E+00
    1.62633394E+00
    1.30608562E+00
    1.03758748E+00
    8.15501280E-01
    6.34199058E-01
    4.88068595E-01
    3.71744835E-01
    2.80270310E-01
    2.09192713E-01
    1.54610608E-01
    1.13179111E-01
    8.20868218E-02
    5.90138055E-02
    4.20786442E-02
    2.97807161E-02
    2.09421898E-02
    1.46528543E-02
    1.02198746E-02
    7.12271753E-03
    3.93605598E-03
    2.78163117E-03
    1.99797223E-03
    1.46937479E-03
    1.11496192E-03
    8.78656288E-04
    7.22011184E-04
    6.18970644E-04
    5.52119148E-04
    5.09986759E-04
    4.85052764E-04
    4.72160864E-04
    4.67464861E-04
    4.67157610E-04
    4.70658089E-04
    4.82856617E-04
    5.07178983E-04
    5.47779074E-04
    6.11233156E-04
    7.07623905E-04
    8.52258234E-04
    1.06779098E-03
    1.38724739E-03
    1.85823738E-03
    2.54879077E-03
    3.55532696E-03
    5.01337321E-03
    7.11175383E-03
    1.01110654E-02
    1.43673060E-02
    2.03615077E-02
    2.87360942E-02
    4.03383894E-02
    5.62711966E-02
    7.79495812E-02
    1.07161890E-01
    1.46131612E-01
    1.97574935E-01
    2.64746933E-01
    3.51467302E-01
    4.62114935E-01
    6.01579489E-01
    7.75158153E-01
    9.88387571E-01
    1.24680371E+00
    1.55562847E+00
    1.91939010E+00
    2.34148776E+00
    2.82371880E+00
    3.36581765E+00
    3.96503242E+00
    4.61571602E+00
    5.30898858E+00
    6.03261395E+00
    6.77113431E+00
    7.50572477E+00
    8.21383018E+00
    8.86982803E+00
    9.44717149E+00
    9.92175113E+00
    1.02747755E+01
    1.04960763E+01
    1.05907771E+01
    1.06003960E+01
    1.05588039E+01
    1.04002351E+01
    1.01045042E+01
    9.67608599E+00
    9.13404299E+00
    8.50441660E+00
    7.81451628E+00
    7.08996607E+00
    6.35363766E+00
    5.62527540E+00
    4.92137064E+00
    4.25509608E+00
    3.63633537E+00
    3.07182785E+00
    2.56540607E+00
    2.11832192E+00
    1.72964631E+00
    1.39671238E+00
    1.11556931E+00
    8.81416244E-01
    6.88991821E-01
    5.32902594E-01
    4.07881889E-01
    3.08978622E-01
    2.31681466E-01
    1.71987622E-01
    1.26427225E-01
    9.20545939E-02
    6.64165427E-02
    4.75063602E-02
    3.37103157E-02
    2.37518166E-02
    1.66368801E-02
    1.16033943E-02
    8.07572572E-03
    5.62470434E-03
    3.11026180E-03
    2.21097946E-03
    1.60351620E-03
    1.19568760E-03
    9.23476685E-04
    7.42792913E-04
    6.23623276E-04
    5.45790631E-04
    4.95925541E-04
    4.65273222E-04
    4.48035964E-04
    4.40086875E-04
    4.38109342E-04
    4.38907486E-04
    4.45192676E-04
    4.60973585E-04
    4.89418304E-04
    5.35196014E-04
    6.05753400E-04
    7.12388839E-04
    8.72104474E-04
    1.10991734E-03
    1.46216324E-03
    1.98109672E-03
    2.74123370E-03
    3.84796740E-03
    5.44909143E-03
    7.74996437E-03
    1.10331270E-02
    1.56832093E-02
    2.22179077E-02
    3.13256263E-02
    4.39100132E-02
    6.11410224E-02
    8.45112504E-02
    1.15895102E-01
    1.57606828E-01
    2.12451706E-01
    2.83762758E-01
    3.75413552E-01
    4.91796308E-01
    6.37753826E-01
    8.18454599E-01
    1.03920266E+00
    1.30517714E+00
    1.62110427E+00
    1.99087135E+00
    2.41709193E+00
    2.90065282E+00
    3.44029772E+00
    4.03223073E+00
    4.66972501E+00
    5.34288023E+00
    6.03864661E+00
    6.74094264E+00
    7.43008406E+00
    8.08288839E+00
    8.67449321E+00
    9.18096398E+00
    9.58135984E+00
    9.86099038E+00
    1.00125742E+01
    1.00593313E+01
    1.00546368E+01
    9.97128560E+00
    9.76175379E+00
    9.42193107E+00
    8.96263538E+00
    8.40602013E+00
    7.77800959E+00
    7.10417838E+00
    6.40783732E+00
    5.70941733E+00
    5.02627723E+00
    4.37262944E+00
    3.75953205E+00
    3.19496743E+00
    2.68402218E+00
    2.22915369E+00
    1.83053523E+00
    1.48645823E+00
    1.19376195E+00
    9.48259496E-01
    7.45133613E-01
    5.79282103E-01
    4.45600389E-01
    3.39196848E-01
    2.55543207E-01
    1.90567078E-01
    1.40696421E-01
    1.02866706E-01
    7.45011116E-02
    5.34728640E-02
    3.80571787E-02
    2.68785673E-02
    1.88577330E-02
    1.31609974E-02
    9.15415843E-03
    6.36188007E-03
    4.43247132E-03
    2.45807082E-03
    1.76121880E-03
    1.29277113E-03
    9.79721799E-04
    7.71705893E-04
    6.34274121E-04
    5.44151971E-04
    4.85823312E-04
    4.49088413E-04
    4.27272543E-04
    4.15857390E-04
    4.11473618E-04
    4.10994137E-04
    4.13402415E-04
    4.22663392E-04
    4.41897618E-04
    4.74349167E-04
    5.25512457E-04
    6.03615103E-04
    7.21281483E-04
    8.97317134E-04
    1.15925656E-03
    1.54697291E-03
    2.11768275E-03
    2.95281274E-03
    4.16727653E-03
    5.92181127E-03
    8.43911281E-03
    1.20245657E-02
    1.70923593E-02
    2.41976817E-02
    3.40754340E-02
    4.76854720E-02
    6.62636898E-02
    9.13772903E-02
    1.24981304E-01
    1.69471853E-01
    2.27729912E-01
    3.03147472E-01
    3.99626511E-01
    5.21540058E-01
    6.73644514E-01
    8.60934113E-01
    1.08843056E+00
    1.36090557E+00
    1.68254357E+00
    2.05655324E+00
    2.48473821E+00
    2.96707931E+00
    3.50136170E+00
    4.08278012E+00
    4.70358955E+00
    5.35301344E+00
    6.01736809E+00
    6.67989575E+00
    7.32004149E+00
    7.91487010E+00
    8.44151589E+00
    8.87842398E+00
    9.20811966E+00
    9.41599949E+00
    9.51338424E+00
    9.53049289E+00
    9.50128544E+00
    9.37103316E+00
    9.11575759E+00
    8.73985743E+00
    8.25898563E+00
    7.69682702E+00
    7.07824233E+00
    6.42670885E+00
    5.76317076E+00
    5.10570144E+00
    4.46939695E+00
    3.86634450E+00
    3.30566106E+00
    2.79361340E+00
    2.33382852E+00
    1.92758297E+00
    1.57415804E+00
    1.27123676E+00
    1.01531338E+00
    8.02087288E-01
    6.26818747E-01
    4.84630373E-01
    3.70746157E-01
    2.80666901E-01
    2.10286584E-01
    1.55957787E-01
    1.14516101E-01
    8.32736957E-02
    5.99914258E-02
    4.28374609E-02
    3.03387840E-02
    2.13303601E-02
    1.49053999E-02
    1.03690278E-02
    7.19676011E-03
    4.99851227E-03
    3.48785746E-03
    1.94498249E-03
    1.40785448E-03
    1.04849337E-03
    8.09434039E-04
    6.51298425E-04
    5.47344161E-04
    4.79645446E-04
    4.36351885E-04
    4.09717379E-04
    3.94634952E-04
    3.87535999E-04
    3.85578551E-04
    3.85979359E-04
    3.90581473E-04
    4.02755924E-04
    4.25307806E-04
    4.61859140E-04
    5.18605608E-04
    6.04753069E-04
    7.34301260E-04
    9.27958655E-04
    1.21593854E-03
    1.64188328E-03
    2.26828788E-03
    3.18390362E-03
    4.51368481E-03
    6.43193822E-03
    9.17941017E-03
    1.30850803E-02
    1.85933923E-02
    2.62975016E-02
    3.69788113E-02
    5.16525483E-02
    7.16183598E-02
    9.85138522E-02
    1.34367644E-01
    1.81646926E-01
    2.43292790E-01
    3.22734937E-01
    4.23876120E-01
    5.51035907E-01
    7.08843942E-01
    9.02075191E-01
    1.13542158E+00
    1.41320190E+00
    1.73902030E+00
    2.11537804E+00
    2.54325827E+00
    3.02176062E+00
    3.54774791E+00
    4.11543776E+00
    4.71616374E+00
    5.33845156E+00
    5.96809179E+00
    6.58748325E+00
    7.17580024E+00
    7.71167196E+00
    8.17411247E+00
    8.54396650E+00
    8.80282972E+00
    8.95296654E+00
    9.00427229E+00
    9.00254785E+00
    8.93813523E+00
    8.76228927E+00
    8.46759632E+00
    8.06411157E+00
    7.57082335E+00
    7.01138496E+00
    6.40898760E+00
    5.78489331E+00
    5.15773498E+00
    4.54334020E+00
    3.95467953E+00
    3.40187684E+00
    2.89228593E+00
    2.43064496E+00
    2.01931166E+00
    1.65856828E+00
    1.34697895E+00
    1.08177431E+00
    8.59235488E-01
    6.75052897E-01
    5.24641078E-01
    4.03397583E-01
    3.06901408E-01
    2.31052556E-01
    1.72158802E-01
    1.26978354E-01
    9.27280911E-02
    6.70667917E-02
    4.80617010E-02
    3.41453107E-02
    2.40676992E-02
    1.68483629E-02
    1.17302672E-02
    8.13788244E-03
    5.64019045E-03
    3.91907419E-03
    2.74271085E-03
    1.54278665E-03
    1.13098573E-03
    8.56759439E-04
    6.75156906E-04
    5.55586902E-04
    4.77428321E-04
    4.26970985E-04
    3.95221554E-04
    3.76309250E-04
    3.66293881E-04
    3.62296710E-04
    3.61700048E-04
    3.63300347E-04
    3.70266022E-04
    3.85232790E-04
    4.10975502E-04
    4.51739349E-04
    5.14368416E-04
    6.09124628E-04
    7.51452573E-04
    9.64078000E-04
    1.28005909E-03
    1.74703819E-03
    2.43309661E-03
    3.43470350E-03
    4.88733416E-03
    6.97942062E-03
    9.97035629E-03
    1.42132834E-02
    2.01833151E-02
    2.85116409E-02
    4.00255890E-02
    5.57941241E-02
    7.71774051E-02
    1.05877897E-01
    1.43989137E-01
    1.94036686E-01
    2.59004131E-01
    3.42335601E-01
    4.47905262E-01
    5.79943861E-01
    7.42913969E-01
    9.41327859E-01
    1.17950376E+00
    1.46126861E+00
    1.78961607E+00
    2.16632040E+00
    2.59155203E+00
    3.06357014E+00
    3.57834057E+00
    4.12914701E+00
    4.70655065E+00
    5.29855132E+00
    5.89042394E+00
    6.46383936E+00
    6.99906109E+00
    7.47630243E+00
    7.87564791E+00
    8.17764724E+00
    8.37750541E+00
    8.47409142E+00
    8.49325664E+00
    8.47183813E+00
    8.36676221E+00
    8.14965828E+00
    7.82293290E+00
    7.40063623E+00
    6.90342618E+00
    6.35393230E+00
    5.77339434E+00
    5.18084471E+00
    4.59269391E+00
    4.02265138E+00
    3.48171373E+00
    2.97821047E+00
    2.51791257E+00
    2.10421494E+00
    1.73839060E+00
    1.41990393E+00
    1.14676310E+00
    9.15886207E-01
    7.23455814E-01
    5.65240779E-01
    4.36870448E-01
    3.34053162E-01
    2.52737623E-01
    1.89220776E-01
    1.40209320E-01
    1.02843656E-01
    7.46934661E-02
    5.37334337E-02
    3.83064074E-02
    2.70798544E-02
    1.90000314E-02
    1.32470459E-02
    9.19293585E-03
    6.36406616E-03
    4.40848550E-03
    3.06841184E-03
    2.15739693E-03
    1.22854965E-03
    9.14535922E-04
    7.06389210E-04
    5.69171685E-04
    4.79274562E-04
    4.20905796E-04
    3.83651666E-04
    3.60720863E-04
    3.47654101E-04
    3.41378252E-04
    3.39511697E-04
    3.39645913E-04
    3.42925592E-04
    3.52177057E-04
    3.69763382E-04
    3.98775893E-04
    4.43869551E-04
    5.12726522E-04
    6.16692867E-04
    7.72730274E-04
    1.00569864E-03
    1.35166581E-03
    1.86249835E-03
    2.61215592E-03
    3.70518781E-03
    5.28801549E-03
    7.56366053E-03
    1.08106153E-02
    1.54065310E-02
    2.18572795E-02
    3.08316839E-02
    4.32017758E-02
    6.00877610E-02
    8.29059557E-02
    1.13416763E-01
    1.53768348E-01
    2.06530146E-01
    2.74708776E-01
    3.61737849E-01
    4.71432360E-01
    6.07898534E-01
    7.75392608E-01
    9.78123192E-01
    1.21999586E+00
    1.50431475E+00
    1.83344054E+00
    2.20841206E+00
    2.62861818E+00
    3.09151824E+00
    3.59218669E+00
    4.12305896E+00
    4.67412459E+00
    5.23301352E+00
    5.78458105E+00
    6.31057728E+00
    6.79263800E+00
    7.21069350E+00
    7.54688879E+00
    7.79043846E+00
    7.93327639E+00
    7.98505061E+00
    7.98579642E+00
    7.93598401E+00
    7.79073073E+00
    7.53839993E+00
    7.18753400E+00
    6.75488531E+00
    6.26135596E+00
    5.72797657E+00
    5.17391923E+00
    4.61603858E+00
    4.06863973E+00
    3.54345672E+00
    3.04967287E+00
    2.59399594E+00
    2.18079401E+00
    1.81229983E+00
    1.48887787E+00
    1.20933903E+00
    9.71281659E-01
    7.71434447E-01
    6.05978654E-01
    4.70832267E-01
    3.61884885E-01
    2.75178714E-01
    2.07036709E-01
    1.54143018E-01
    1.13583367E-01
    8.28540178E-02
    5.98477741E-02
    4.28246131E-02
    3.03732110E-02
    2.13682674E-02
    1.49272394E-02
    1.03689999E-02
    7.17603395E-03
    4.96108508E-03
    3.43861886E-03
    2.40108492E-03
    1.69948261E-03
    9.83735767E-04
    7.45591742E-04
    5.88455007E-04
    4.85347673E-04
    4.18172848E-04
    3.74920965E-04
    3.47734434E-04
    3.31499427E-04
    3.22805409E-04
    3.19206656E-04
    3.18563586E-04
    3.19571580E-04
    3.24709437E-04
    3.36192173E-04
    3.56441021E-04
    3.88513445E-04
    4.38148430E-04
    5.13617045E-04
    6.27417816E-04
    7.98111943E-04
    1.05280841E-03
    1.43074333E-03
    1.98821981E-03
    2.80534409E-03
    3.99506496E-03
    5.71510396E-03
    8.18342294E-03
    1.16978910E-02
    1.66607566E-02
    2.36083671E-02
    3.32462605E-02
    4.64892482E-02
    6.45053659E-02
    8.87615866E-02
    1.21067955E-01
    1.63615420E-01
    2.19001150E-01
    2.90233767E-01
    3.80710195E-01
    4.94155049E-01
    6.34514824E-01
    8.05802159E-01
    1.01188436E+00
    1.25622208E+00
    1.54157407E+00
    1.86965227E+00
    2.24076783E+00
    2.65358237E+00
    3.10476552E+00
    3.58850332E+00
    4.09656216E+00
    4.61864210E+00
    5.14228188E+00
    5.65211332E+00
    6.12999857E+00
    6.55660285E+00
    6.91726823E+00
    7.19704317E+00
    7.38248304E+00
    7.47483715E+00
    7.49551167E+00
    7.48049907E+00
    7.39633614E+00
    7.21447445E+00
    6.93384975E+00
    6.56687707E+00
    6.13170142E+00
    5.64845897E+00
    5.13630850E+00
    4.61234519E+00
    4.09134089E+00
    3.58563028E+00
    3.10512499E+00
    2.65736072E+00
    2.24759706E+00
    1.87897598E+00
    1.55274241E+00
    1.26851790E+00
    1.02461053E+00
    8.18339081E-01
    6.46348930E-01
    5.04900395E-01
    3.90115567E-01
    2.98176034E-01
    2.25469732E-01
    1.68689874E-01
    1.24892078E-01
    9.15174801E-02
    6.63900261E-02
    4.76955860E-02
    3.39495096E-02
    2.39579350E-02
    1.67768959E-02
    1.16721253E-02
    8.08150514E-03
    5.58134670E-03
    3.85709586E-03
    2.67861428E-03
    1.87987967E-03
    1.34258428E-03
    7.93451312E-04
    6.13839834E-04
    4.95866706E-04
    4.18840013E-04
    3.68983984E-04
    3.37229171E-04
    3.17680083E-04
    3.06480059E-04
    3.00991094E-04
    2.99226911E-04
    2.99235770E-04
    3.01489415E-04
    3.08461704E-04
    3.22037018E-04
    3.44673199E-04
    3.80094853E-04
    4.34500554E-04
    5.16975154E-04
    6.41247497E-04
    8.27550202E-04
    1.10534864E-03
    1.51719762E-03
    2.12403154E-03
    3.01233829E-03
    4.30373006E-03
    6.16749375E-03
    8.83674599E-03
    1.26288070E-02
    1.79703159E-02
    2.54273983E-02
    3.57408225E-02
    4.98655116E-02
    6.90129739E-02
    9.46941863E-02
    1.28759210E-01
    1.73428488E-01
    2.31309355E-01
    3.05390207E-01
    3.99004384E-01
    5.15754938E-01
    6.59394874E-01
    8.33658679E-01
    1.04203907E+00
    1.28752811E+00
    1.57232333E+00
    1.89747970E+00
    2.26261224E+00
    2.66571350E+00
    3.10261690E+00
    3.56670497E+00
    4.04944476E+00
    4.54064879E+00
    5.02774931E+00
    5.49377045E+00
    5.92052232E+00
    6.29594825E+00
    6.60328843E+00
    6.82586321E+00
    6.95792902E+00
    7.00951113E+00
    7.01233278E+00
    6.97474085E+00
    6.85602372E+00
    6.64295387E+00
    6.34133967E+00
    5.96597731E+00
    5.53522955E+00
    5.06784426E+00
    4.58101352E+00
    4.08981053E+00
    3.60704690E+00
    3.14323387E+00
    2.70662001E+00
    2.30326080E+00
    1.93713938E+00
    1.61034286E+00
    1.32329362E+00
    1.07502365E+00
    8.63473953E-01
    6.85797494E-01
    5.38645623E-01
    4.18421932E-01
    3.21493115E-01
    2.44352312E-01
    1.83735474E-01
    1.36695093E-01
    1.00637931E-01
    7.33343756E-02
    5.29069681E-02
    3.78049023E-02
    2.67701508E-02
    1.87996617E-02
    1.31069086E-02
    9.08507744E-03
    6.27336285E-03
    4.32720255E-03
    2.99279280E-03
    2.08587020E-03
    1.47450338E-03
    1.06536702E-03
    6.45799086E-04
    5.11089961E-04
    4.23023562E-04
    3.65838318E-04
    3.29121736E-04
    3.06070895E-04
    2.92278750E-04
    2.84815761E-04
    2.81610640E-04
    2.80951450E-04
    2.81584948E-04
    2.85282454E-04
    2.93989026E-04
    3.09547160E-04
    3.34630275E-04
    3.73470790E-04
    4.32836711E-04
    5.22728124E-04
    6.58115725E-04
    8.60964902E-04
    1.16320234E-03
    1.61084000E-03
    2.26961270E-03
    3.23258203E-03
    4.63021875E-03
    6.64353440E-03
    9.52085566E-03
    1.35987963E-02
    1.93278508E-02
    2.73027737E-02
    3.82974777E-02
    5.33035553E-02
    7.35706757E-02
    1.00646043E-01
    1.36408864E-01
    1.83094525E-01
    2.43301802E-01
    3.19975873E-01
    4.16359386E-01
    5.35903445E-01
    6.82136181E-01
    8.58482514E-01
    1.06803323E+00
    1.31329759E+00
    1.59589944E+00
    1.91624125E+00
    2.27330070E+00
    2.66441585E+00
    3.08452861E+00
    3.52656618E+00
    3.98225470E+00
    4.44146973E+00
    4.88984998E+00
    5.30871055E+00
    5.68966797E+00
    6.01565922E+00
    6.26825390E+00
    6.43667118E+00
    6.52330583E+00
    6.54565806E+00
    6.53584885E+00
    6.46943781E+00
    6.31895390E+00
    6.08109083E+00
    5.76586012E+00
    5.38921593E+00
    4.96887657E+00
    4.52189210E+00
    4.06349979E+00
    3.60684765E+00
    3.16292693E+00
    2.74057942E+00
    2.34655249E+00
    1.98558782E+00
    1.66055938E+00
    1.37266299E+00
    1.12165278E+00
    9.06110811E-01
    7.23731063E-01
    5.71597895E-01
    4.46441575E-01
    3.44858140E-01
    2.63486369E-01
    1.99139953E-01
    1.48897177E-01
    1.10153347E-01
    8.06427396E-02
    5.84373234E-02
    4.19290323E-02
    2.98015220E-02
    2.09961794E-02
    1.46760348E-02
    1.01901990E-02
    7.04058645E-03
    4.85199921E-03
    3.34611520E-03
    2.31952559E-03
    1.62568428E-03
    1.16044725E-03
    8.50681814E-04
    5.31331087E-04
    4.30874288E-04
    3.65524248E-04
    3.23359370E-04
    2.96564880E-04
    2.80068141E-04
    2.70574128E-04
    2.65831007E-04
    2.64194671E-04
    2.64125034E-04
    2.65649911E-04
    2.70777919E-04
    2.81069005E-04
    2.98493626E-04
    3.26096845E-04
    3.68470726E-04
    4.33067320E-04
    5.30805124E-04
    6.77935245E-04
    8.98232953E-04
    1.22618276E-03
    1.71137147E-03
    2.42447004E-03
    3.46525301E-03
    4.97316290E-03
    7.14097135E-03
    1.02320890E-02
    1.46020067E-02
    2.07241809E-02
    2.92203632E-02
    4.08948987E-02
    5.67718235E-02
    7.81327206E-02
    1.06552185E-01
    1.43926592E-01
    1.92490662E-01
    2.54815092E-01
    3.33778569E-01
    4.32506238E-01
    5.54268613E-01
    7.02340605E-01
    8.79809513E-01
    1.08934543E+00
    1.33296780E+00
    1.61171458E+00
    1.92536451E+00
    2.27232978E+00
    2.64922310E+00
    3.05024708E+00
    3.46858132E+00
    3.89629856E+00
    4.32170069E+00
    4.72672843E+00
    5.10540110E+00
    5.44098257E+00
    5.71521552E+00
    5.91473659E+00
    6.03523978E+00
    6.08549754E+00
    6.09077383E+00
    6.06300814E+00
    5.96729810E+00
    5.78974554E+00
    5.53377260E+00
    5.21191645E+00
    4.84026176E+00
    4.43530275E+00
    4.01227574E+00
    3.58453597E+00
    3.16343012E+00
    2.75827856E+00
    2.37641073E+00
    2.02323424E+00
    1.70233984E+00
    1.41565308E+00
    1.16363231E+00
    9.45505255E-01
    7.59528902E-01
    6.03254217E-01
    4.73777906E-01
    3.67966683E-01
    2.82644474E-01
    2.14738172E-01
    1.61382106E-01
    1.19984817E-01
    8.82638488E-02
    6.42552129E-02
    4.63041782E-02
    3.30434054E-02
    2.33634773E-02
    1.63797977E-02
    1.13988071E-02
    7.88556776E-03
    5.43404653E-03
    3.74084237E-03
    2.58267589E-03
    1.79763677E-03
    1.26996482E-03
    9.18003637E-04
    6.84827109E-04
    4.42587886E-04
    3.68113133E-04
    3.19927093E-04
    2.89077080E-04
    2.69738000E-04
    2.58143281E-04
    2.51816153E-04
    2.49002379E-04
    2.48350390E-04
    2.48726646E-04
    2.51340319E-04
    2.57813654E-04
    2.69635773E-04
    2.89030335E-04
    3.18970484E-04
    3.65034596E-04
    4.35124336E-04
    5.41115912E-04
    7.00584975E-04
    9.39180501E-04
    1.29402315E-03
    1.81836735E-03
    2.58791601E-03
    3.70923295E-03
    5.33075009E-03
    7.65689375E-03
    1.09658302E-02
    1.56312291E-02
    2.21482319E-02
    3.11634543E-02
    4.35083246E-02
    6.02343259E-02
    8.26478196E-02
    1.12340997E-01
    1.51214502E-01
    2.01485992E-01
    2.65678168E-01
    3.46580161E-01
    4.47173654E-01
    5.70522725E-01
    7.19623766E-01
    8.97202566E-01
    1.10550149E+00
    1.34604292E+00
    1.61927182E+00
    1.92440872E+00
    2.25934648E+00
    2.61988872E+00
    3.00016785E+00
    3.39405987E+00
    3.79235457E+00
    4.17883327E+00
    4.54826210E+00
    4.88526571E+00
    5.17283705E+00
    5.39657692E+00
    5.54785698E+00
    5.62802380E+00
    5.65146109E+00
    5.64599200E+00
    5.59456296E+00
    5.47177079E+00
    5.27282979E+00
    5.00545280E+00
    4.68336650E+00
    4.32203868E+00
    3.93643867E+00
    3.53999819E+00
    3.14429920E+00
    2.75902654E+00
    2.39198326E+00
    2.04914342E+00
    1.73473340E+00
    1.45135022E+00
    1.20012312E+00
    9.80915534E-01
    7.92556939E-01
    6.33088753E-01
    5.00006960E-01
    3.90485980E-01
    3.01572249E-01
    2.30340811E-01
    1.74012890E-01
    1.30036240E-01
    9.61326455E-02
    7.03184676E-02
    5.09045139E-02
    3.64812216E-02
    2.58943769E-02
    1.82156148E-02
    1.27109489E-02
    8.80967110E-03
    6.07520126E-03
    4.17884735E-03
    2.87696950E-03
    1.99168550E-03
    1.39500548E-03
    9.96114292E-04
    7.31423315E-04
    5.56921728E-04
    3.73713847E-04
    3.18838208E-04
    2.83553302E-04
    2.61184132E-04
    2.47415267E-04
    2.39453230E-04
    2.35417623E-04
    2.33928569E-04
    2.33801739E-04
    2.34808537E-04
    2.38517632E-04
    2.46230934E-04
    2.59485026E-04
    2.80577599E-04
    3.13158731E-04
    3.63082715E-04
    4.38917807E-04
    5.53547749E-04
    7.25909959E-04
    9.83577043E-04
    1.36636624E-03
    1.93126253E-03
    2.75904865E-03
    3.96308074E-03
    5.70068917E-03
    8.18769286E-03
    1.17164651E-02
    1.66778548E-02
    2.35870125E-02
    3.31127736E-02
    4.61096718E-02
    6.36509060E-02
    8.70596696E-02
    1.17935144E-01
    1.58168636E-01
    2.09943849E-01
    2.75715667E-01
    3.58161193E-01
    4.60094264E-01
    5.84350369E-01
    7.33624369E-01
    9.10263906E-01
    1.11608937E+00
    1.35210366E+00
    1.61816828E+00
    1.91304145E+00
    2.23413517E+00
    2.57670590E+00
    2.93563055E+00
    3.30385535E+00
    3.66783477E+00
    4.02236684E+00
    4.35383415E+00
    4.64697722E+00
    4.88745030E+00
    5.06421227E+00
    5.17322805E+00
    5.22105037E+00
    5.22833819E+00
    5.20876070E+00
    5.13277640E+00
    4.98689882E+00
    4.77256262E+00
    4.50008642E+00
    4.18335538E+00
    3.83672289E+00
    3.47351665E+00
    3.10543988E+00
    2.74243071E+00
    2.39265959E+00
    2.06256608E+00
    1.75692320E+00
    1.47892956E+00
    1.23033796E+00
    1.01162328E+00
    8.22183989E-01
    6.60564959E-01
    5.24686057E-01
    4.12060783E-01
    3.19992056E-01
    2.45736460E-01
    1.86632759E-01
    1.40194565E-01
    1.04170075E-01
    7.65737292E-02
    5.56955390E-02
    4.00938690E-02
    2.85769481E-02
    2.01775563E-02
    1.41243984E-02
    9.81277783E-03
    6.77639602E-03
    4.66145809E-03
    3.20375573E-03
    2.20901484E-03
    1.53651375E-03
    1.08578254E-03
    7.86069797E-04
    5.88198335E-04
    4.58376223E-04
    3.20138116E-04
    2.79965162E-04
    2.54326601E-04
    2.38280246E-04
    2.28643884E-04
    2.23339362E-04
    2.20922187E-04
    2.20285650E-04
    2.20486524E-04
    2.22301014E-04
    2.27038974E-04
    2.35888136E-04
    2.50503898E-04
    2.73418804E-04
    3.08652066E-04
    3.62525827E-04
    4.44342197E-04
    5.67965109E-04
    7.53715347E-04
    1.03112752E-03
    1.44275449E-03
    2.04933851E-03
    2.93673432E-03
    4.22501046E-03
    6.08018432E-03
    8.72903476E-03
    1.24773586E-02
    1.77318702E-02
    2.50256468E-02
    3.50465931E-02
    4.86677685E-02
    6.69776836E-02
    9.13077134E-02
    1.23252793E-01
    1.64680832E-01
    2.17724540E-01
    2.84751757E-01
    3.68305920E-01
    4.71011385E-01
    5.95456509E-01
    7.44013218E-01
    9.18646370E-01
    1.12076178E+00
    1.35079386E+00
    1.60812115E+00
    1.89127307E+00
    2.19734171E+00
    2.52121839E+00
    2.85723012E+00
    3.19575659E+00
    3.53102723E+00
    3.85124021E+00
    4.14295843E+00
    4.39276652E+00
    4.58868983E+00
    4.72314713E+00
    4.79659559E+00
    4.82002536E+00
    4.81810364E+00
    4.77935506E+00
    4.68062768E+00
    4.51658751E+00
    4.29284788E+00
    4.02097073E+00
    3.71428551E+00
    3.38577098E+00
    3.04711870E+00
    2.70841591E+00
    2.37809719E+00
    2.06296840E+00
    1.76825676E+00
    1.49768397E+00
    1.25356728E+00
    1.03695553E+00
    8.47799652E-01
    6.85149519E-01
    5.47364201E-01
    4.32320767E-01
    3.37608008E-01
    2.60694804E-01
    1.99066992E-01
    1.50330684E-01
    1.12283350E-01
    8.29563234E-02
    6.06337338E-02
    4.38532805E-02
    3.13940480E-02
    2.22559158E-02
    1.56342863E-02
    1.08929862E-02
    7.53740854E-03
    5.18928777E-03
    3.56396476E-03
    2.45058005E-03
    1.69532648E-03
    1.18767011E-03
    8.49300728E-04
    6.25484946E-04
    4.78456499E-04
    3.82450631E-04
    2.78312080E-04
    2.49107990E-04
    2.30643625E-04
    2.19283234E-04
    2.12685536E-04
    2.09293214E-04
    2.07982684E-04
    2.07806022E-04
    2.08450761E-04
    2.11087153E-04
    2.16756509E-04
    2.26635947E-04
    2.42542794E-04
    2.67319773E-04
    3.05281994E-04
    3.63263901E-04
    4.51285835E-04
    5.84207089E-04
    7.83760993E-04
    1.08146620E-03
    1.52262213E-03
    2.17171287E-03
    3.11959449E-03
    4.49287623E-03
    6.46592025E-03
    9.27585108E-03
    1.32408607E-02
    1.87818948E-02
    2.64474725E-02
    3.69409321E-02
    5.11487227E-02
    7.01676798E-02
    9.53281367E-02
    1.28209144E-01
    1.70640931E-01
    2.24688469E-01
    2.92614297E-01
    3.76807608E-01
    4.79686066E-01
    6.03573871E-01
    7.50501331E-01
    9.22060613E-01
    1.11923255E+00
    1.34187853E+00
    1.58925334E+00
    1.85991942E+00
    2.14997181E+00
    2.45266489E+00
    2.76373354E+00
    3.07654312E+00
    3.38096502E+00
    3.66536623E+00
    3.91763756E+00
    4.12597553E+00
    4.28081185E+00
    4.37831694E+00
    4.42320063E+00
    4.43156292E+00
    4.41876678E+00
    4.35958285E+00
    4.24149639E+00
    4.06458828E+00
    3.83705796E+00
    3.57069308E+00
    3.27782615E+00
    2.96996352E+00
    2.65723394E+00
    2.34823938E+00
    2.05005578E+00
    1.76827250E+00
    1.50705093E+00
    1.26920456E+00
    1.05630715E+00
    8.68833279E-01
    7.06327688E-01
    5.67593978E-01
    4.50889393E-01
    3.54112289E-01
    2.74970905E-01
    2.11125657E-01
    1.60301030E-01
    1.20366749E-01
    8.93905269E-02
    6.56664927E-02
    4.77241687E-02
    3.43229793E-02
    2.44368507E-02
    1.72327636E-02
    1.20463226E-02
    8.35662871E-03
    5.76205709E-03
    3.95797817E-03
    2.71701649E-03
    1.87210628E-03
    1.30235677E-03
    9.21569877E-04
    6.69143865E-04
    5.03037833E-04
    3.94454042E-04
    3.23887329E-04
    2.45495032E-04
    2.24428915E-04
    2.11269912E-04
    2.03357114E-04
    1.98965458E-04
    1.96918127E-04
    1.96329639E-04
    1.96406135E-04
    1.97635371E-04
    2.01039752E-04
    2.07549200E-04
    2.18431112E-04
    2.35717256E-04
    2.62218352E-04
    3.02989708E-04
    3.65205978E-04
    4.59613543E-04
    6.02078853E-04
    8.15757505E-04
    1.13415220E-03
    1.60528900E-03
    2.29733165E-03
    3.30599761E-03
    4.76416562E-03
    6.85406128E-03
    9.82235145E-03
    1.39983457E-02
    1.98152698E-02
    2.78342125E-02
    3.87698593E-02
    5.35164302E-02
    7.31716220E-02
    9.90550953E-02
    1.32718221E-01
    1.75939246E-01
    2.30699593E-01
    2.99139183E-01
    3.83474119E-01
    4.85904137E-01
    6.08468856E-01
    7.52847738E-01
    9.20286130E-01
    1.11132039E+00
    1.32546887E+00
    1.56215632E+00
    1.81880316E+00
    2.08894198E+00
    2.37188919E+00
    2.66027343E+00
    2.94548224E+00
    3.21778663E+00
    3.46656756E+00
    3.68079615E+00
    3.85030030E+00
    3.96829500E+00
    4.03480187E+00
    4.05805104E+00
    4.05787712E+00
    4.03007498E+00
    3.95196826E+00
    3.81874538E+00
    3.63422475E+00
    3.40790695E+00
    3.15111399E+00
    2.87495210E+00
    2.58946347E+00
    2.30332394E+00
    2.02378914E+00
    1.75672096E+00
    1.50663599E+00
    1.27676984E+00
    1.06916284E+00
    8.84773318E-01
    7.23619537E-01
    5.84944636E-01
    4.67394024E-01
    3.69192672E-01
    2.88310569E-01
    2.22607257E-01
    1.69949921E-01
    1.28303004E-01
    9.57902800E-02
    7.07323853E-02
    5.16640021E-02
    3.73353050E-02
    2.67021209E-02
    1.89087236E-02
    1.32664807E-02
    9.23083513E-03
    6.37841513E-03
    4.38549327E-03
    3.00854168E-03
    2.06727339E-03
    1.43029069E-03
    1.00326914E-03
    7.19477657E-04
    5.32357842E-04
    4.09850363E-04
    3.30153914E-04
    2.78608592E-04
    2.19580387E-04
    2.04517694E-04
    1.95257762E-04
    1.89859750E-04
    1.87045937E-04
    1.85914691E-04
    1.85721916E-04
    1.86105218E-04
    1.87942224E-04
    1.92037148E-04
    1.99308694E-04
    2.11128936E-04
    2.29600745E-04
    2.58035102E-04
    3.01690545E-04
    3.68239647E-04
    4.69168872E-04
    6.21353551E-04
    8.49364393E-04
    1.18866600E-03
    1.68995674E-03
    2.42496594E-03
    3.49405767E-03
    5.03600349E-03
    7.24026674E-03
    1.03620610E-02
    1.47402891E-02
    2.08181994E-02
    2.91662215E-02
    4.05059008E-02
    5.57332201E-02
    7.59389173E-02
    1.02422147E-01
    1.36694862E-01
    1.80469242E-01
    2.35629063E-01
    3.04174628E-01
    3.88133828E-01
    4.89481614E-01
    6.09940118E-01
    7.50852464E-01
    9.13178171E-01
    1.09706754E+00
    1.30209001E+00
    1.52688124E+00
    1.76644553E+00
    2.02023168E+00
    2.28269604E+00
    2.54626546E+00
    2.80279955E+00
    3.04317660E+00
    3.25742769E+00
    3.43562831E+00
    3.56954791E+00
    3.65552478E+00
    3.69717557E+00
    3.70628066E+00
    3.69796608E+00
    3.65339731E+00
    3.55925760E+00
    3.41548155E+00
    3.22825812E+00
    3.00741133E+00
    2.76339156E+00
    2.50599890E+00
    2.24388242E+00
    1.98439263E+00
    1.73357941E+00
    1.49623157E+00
    1.27593025E+00
    1.07511745E+00
    8.95186177E-01
    7.36596473E-01
    5.99015895E-01
    4.81476996E-01
    3.82541067E-01
    3.00456687E-01
    2.33303262E-01
    1.79112650E-01
    1.35965297E-01
    1.02060382E-01
    7.57617858E-02
    5.56232544E-02
    4.03968562E-02
    2.90289582E-02
    2.06476045E-02
    1.45446081E-02
    1.01549947E-02
    7.03576803E-03
    4.84538673E-03
    3.32485286E-03
    2.28093242E-03
    1.57173792E-03
    1.09469187E-03
    7.76742712E-04
    5.66610419E-04
    4.28787604E-04
    3.39004905E-04
    2.80877966E-04
    2.43469323E-04
    1.98956136E-04
    1.88295762E-04
    1.81880518E-04
    1.78294592E-04
    1.76583710E-04
    1.76050809E-04
    1.76063981E-04
    1.76859619E-04
    1.79262658E-04
    1.83970141E-04
    1.91938074E-04
    2.04653596E-04
    2.24387688E-04
    2.54740639E-04
    3.01289008E-04
    3.72236752E-04
    4.79774272E-04
    6.41770007E-04
    8.84187921E-04
    1.24440792E-03
    1.77570801E-03
    2.55321326E-03
    3.68164043E-03
    5.30516802E-03
    7.61972498E-03
    1.08878856E-02
    1.54563848E-02
    2.17759517E-02
    3.04228123E-02
    4.21205497E-02
    5.77606288E-02
    7.84187624E-02
    1.05363848E-01
    1.40056828E-01
    1.84130405E-01
    2.39358884E-01
    3.07584952E-01
    3.90638582E-01
    4.90258975E-01
    6.07828682E-01
    7.44499446E-01
    9.01086480E-01
    1.07714888E+00
    1.27176800E+00
    1.48229735E+00
    1.70759822E+00
    1.94346425E+00
    2.18389805E+00
    2.42206279E+00
    2.65015493E+00
    2.85944618E+00
    3.04072708E+00
    3.18543756E+00
    3.28761738E+00
    3.34683642E+00
    3.36954763E+00
    3.37055848E+00
    3.35100611E+00
    3.29077179E+00
    3.18422298E+00
    3.03441371E+00
    2.84881102E+00
    2.63689239E+00
    2.40802978E+00
    2.17072952E+00
    1.93235269E+00
    1.69905871E+00
    1.47582975E+00
    1.26651636E+00
    1.07389379E+00
    8.99733696E-01
    7.44897296E-01
    6.09451930E-01
    4.92807270E-01
    3.93862835E-01
    3.11156422E-01
    2.43003444E-01
    1.87619301E-01
    1.43219872E-01
    1.08098187E-01
    8.06778989E-02
    5.95459550E-02
    4.34679620E-02
    3.13900929E-02
    2.24312994E-02
    1.58691592E-02
    1.11221003E-02
    7.73012631E-03
    5.33558436E-03
    3.66502400E-03
    2.51279561E-03
    1.72672798E-03
    1.19599567E-03
    8.41122324E-04
    6.05955527E-04
    4.51382459E-04
    3.50524506E-04
    2.85145211E-04
    2.43022363E-04
    2.16056552E-04
    1.82393512E-04
    1.74940604E-04
    1.70583094E-04
    1.68283336E-04
    1.67319809E-04
    1.67126985E-04
    1.67345922E-04
    1.68586273E-04
    1.71492024E-04
    1.76739238E-04
    1.85337903E-04
    1.98898556E-04
    2.19910578E-04
    2.52196394E-04
    3.01678388E-04
    3.77061797E-04
    4.91231110E-04
    6.63031559E-04
    9.19780890E-04
    1.30069897E-03
    1.86150949E-03
    2.68050475E-03
    3.86637871E-03
    5.56812041E-03
    7.98720777E-03
    1.13922074E-02
    1.61357048E-02
    2.26731163E-02
    3.15826572E-02
    4.35848739E-02
    5.95602771E-02
    8.05613520E-02
    1.07817466E-01
    1.42726944E-01
    1.86831292E-01
    2.41784331E-01
    3.09252047E-01
    3.90866945E-01
    4.88124292E-01
    6.02148089E-01
    7.34090415E-01
    8.84144471E-01
    1.05076979E+00
    1.23397107E+00
    1.43202131E+00
    1.64164151E+00
    1.85827339E+00
    2.07632194E+00
    2.28926094E+00
    2.48956972E+00
    2.66901235E+00
    2.81932745E+00
    2.93357566E+00
    3.00830953E+00
    3.04610539E+00
    3.05580460E+00
    3.05070730E+00
    3.01780708E+00
    2.94434308E+00
    2.82932109E+00
    2.67768820E+00
    2.49733759E+00
    2.29701369E+00
    2.08494341E+00
    1.86840806E+00
    1.65360226E+00
    1.44562843E+00
    1.24853347E+00
    1.06535678E+00
    8.98188388E-01
    7.48243085E-01
    6.15954970E-01
    5.01092209E-01
    4.02886567E-01
    3.20169012E-01
    2.51501882E-01
    1.95299214E-01
    1.49929235E-01
    1.13795807E-01
    8.53981959E-02
    6.33705645E-02
    4.65039279E-02
    3.37539624E-02
    2.42381940E-02
    1.72258345E-02
    1.21230623E-02
    8.45598276E-03
    5.85294599E-03
    4.02740798E-03
    2.76210595E-03
    1.89499704E-03
    1.30716243E-03
    9.12699497E-04
    6.50499501E-04
    4.77727215E-04
    3.64775196E-04
    2.91449484E-04
    2.44149557E-04
    2.13826556E-04
    1.94528063E-04
    1.68959060E-04
    1.63825865E-04
    1.60939389E-04
    1.59531969E-04
    1.59055564E-04
    1.59039401E-04
    1.59535649E-04
    1.61190243E-04
    1.64532300E-04
    1.70260686E-04
    1.79476361E-04
    1.93914437E-04
    2.16112015E-04
    2.50337995E-04
    3.02755351E-04
    3.82561236E-04
    5.03315681E-04
    6.84806497E-04
    9.55644451E-04
    1.35678434E-03
    1.94621888E-03
    2.80511874E-03
    4.04569731E-03
    5.82104925E-03
    8.33714617E-03
    1.18670106E-02
    1.67669008E-02
    2.34939203E-02
    3.26242591E-02
    4.48702051E-02
    6.10948083E-02
    8.23191707E-02
    1.09724677E-01
    1.44635146E-01
    1.88492020E-01
    2.42812082E-01
    3.09071063E-01
    3.88733595E-01
    4.83081807E-01
    5.93124683E-01
    7.19500022E-01
    8.61050994E-01
    1.01890741E+00
    1.19131794E+00
    1.37562999E+00
    1.56849912E+00
    1.76554897E+00
    1.96137688E+00
    2.14963866E+00
    2.32316412E+00
    2.47436608E+00
    2.59613197E+00
    2.68337419E+00
    2.73522139E+00
    2.75665936E+00
    2.75884826E+00
    2.74539922E+00
    2.69989723E+00
    2.61631769E+00
    2.49663884E+00
    2.34684670E+00
    2.17464299E+00
    1.98783858E+00
    1.79353119E+00
    1.59787663E+00
    1.40603010E+00
    1.22216675E+00
    1.04952304E+00
    8.90445486E-01
    7.46450085E-01
    6.18297818E-01
    5.06088976E-01
    4.09373923E-01
    3.27273908E-01
    2.58603455E-01
    2.01985976E-01
    1.55955864E-01
    1.19042768E-01
    8.98362492E-02
    6.70311785E-02
    4.94557747E-02
    3.60851217E-02
    2.60433525E-02
    1.85976242E-02
    1.31466700E-02
    9.20623354E-03
    6.39317459E-03
    4.40955057E-03
    3.02756441E-03
    2.07593113E-03
    1.42795664E-03
    9.91427854E-04
    7.00275317E-04
    5.07875357E-04
    3.81802431E-04
    2.99815614E-04
    2.46858545E-04
    2.12865214E-04
    1.91187303E-04
    1.77483731E-04
    1.57945480E-04
    1.54475250E-04
    1.52624346E-04
    1.51818181E-04
    1.51631470E-04
    1.51751429E-04
    1.52563897E-04
    1.54581155E-04
    1.58299222E-04
    1.64461103E-04
    1.74251884E-04
    1.89477244E-04
    2.12930168E-04
    2.49076991E-04
    3.04400578E-04
    3.88567072E-04
    5.15783007E-04
    7.06730441E-04
    9.91231441E-04
    1.41183976E-03
    2.02859646E-03
    2.92520129E-03
    4.21684845E-03
    6.05993039E-03
    8.66372824E-03
    1.23040385E-02
    1.73384434E-02
    2.42225920E-02
    3.35264702E-02
    4.59488735E-02
    6.23288330E-02
    8.36484172E-02
    1.11033073E-01
    1.45719725E-01
    1.89043159E-01
    2.42363890E-01
    3.07020848E-01
    3.84399979E-01
    4.75408919E-01
    5.80669813E-01
    7.00152133E-01
    8.34547199E-01
    9.82946730E-01
    1.14332909E+00
    1.31312896E+00
    1.48899452E+00
    1.66658875E+00
    1.84064322E+00
    2.00505308E+00
    2.15310422E+00
    2.27801839E+00
    2.37402312E+00
    2.43804008E+00
    2.47157528E+00
    2.48144817E+00
    2.47878151E+00
    2.45503922E+00
    2.39887567E+00
    2.30852061E+00
    2.18771815E+00
    2.04281025E+00
    1.88093285E+00
    1.70890222E+00
    1.53275422E+00
    1.35763306E+00
    1.18777990E+00
    1.02656519E+00
    8.76531002E-01
    7.39439800E-01
    6.16334610E-01
    5.07614939E-01
    4.13129072E-01
    3.32278914E-01
    2.64130563E-01
    2.07522780E-01
    1.61166334E-01
    1.23729083E-01
    9.39039391E-02
    7.04590532E-02
    5.22712435E-02
    3.83448629E-02
    2.78188652E-02
    1.99649705E-02
    1.41796355E-02
    9.97215465E-03
    6.95075962E-03
    4.80812359E-03
    3.30726638E-03
    2.26851256E-03
    1.55788392E-03
    1.07710142E-03
    7.55221623E-04
    5.41827320E-04
    4.01624118E-04
    3.10257123E-04
    2.51148301E-04
    2.13158310E-04
    1.88894529E-04
    1.73510137E-04
    1.63863601E-04
    1.48817543E-04
    1.46525905E-04
    1.45388835E-04
    1.44973959E-04
    1.44937639E-04
    1.45239468E-04
    1.46348698E-04
    1.48673938E-04
    1.52717719E-04
    1.59274293E-04
    1.69604339E-04
    1.85598909E-04
    2.10293362E-04
    2.48320502E-04
    3.06487274E-04
    3.94898164E-04
    5.28367699E-04
    7.28409078E-04
    1.02595181E-03
    1.46498101E-03
    2.10732150E-03
    3.03879399E-03
    4.37695791E-03
    6.28060179E-03
    8.96101690E-03
    1.26949733E-02
    1.78388884E-02
    2.48437495E-02
    3.42690209E-02
    4.67949771E-02
    6.32299431E-02
    8.45102978E-02
    1.11695307E-01
    1.45924605E-01
    1.88430938E-01
    2.40433870E-01
    3.03222756E-01
    3.77850095E-01
    4.64587042E-01
    5.64541339E-01
    6.77922102E-01
    8.04282918E-01
    9.42357261E-01
    1.09023484E+00
    1.24534020E+00
    1.40427789E+00
    1.56277819E+00
    1.71574378E+00
    1.85738682E+00
    1.98156327E+00
    2.08245114E+00
    2.15577111E+00
    2.20046869E+00
    2.22001723E+00
    2.22307235E+00
    2.21427931E+00
    2.18061341E+00
    2.11634918E+00
    2.02243076E+00
    1.90355372E+00
    1.76591210E+00
    1.61587702E+00
    1.45928897E+00
    1.30121554E+00
    1.14590708E+00
    9.96810386E-01
    8.56605160E-01
    7.27245641E-01
    6.10009164E-01
    5.05556562E-01
    4.14007273E-01
    3.35027953E-01
    2.67929813E-01
    2.11767940E-01
    1.65435709E-01
    1.27748635E-01
    9.75139754E-02
    7.35844207E-02
    5.48960541E-02
    4.04920476E-02
    2.95343644E-02
    2.13060591E-02
    1.52067339E-02
    1.07434448E-02
    7.51896415E-03
    5.21888490E-03
    3.59865313E-03
    2.47127353E-03
    1.69615201E-03
    1.16932461E-03
    8.15161017E-04
    5.79515517E-04
    4.24220333E-04
    3.22768504E-04
    2.57010901E-04
    2.14687279E-04
    1.87620576E-04
    1.70423998E-04
    1.59591735E-04
    1.52867836E-04
    1.41170323E-04
    1.39701473E-04
    1.39043250E-04
    1.38867565E-04
    1.38925092E-04
    1.39444518E-04
    1.40811627E-04
    1.43394326E-04
    1.47719777E-04
    1.54631602E-04
    1.65448658E-04
    1.82218851E-04
    2.08119199E-04
    2.47971359E-04
    3.08881074E-04
    4.01361198E-04
    5.40786545E-04
    7.49422711E-04
    1.05918028E-03
    1.51527684E-03
    2.18101361E-03
    3.14386901E-03
    4.52308134E-03
    6.47885134E-03
    9.22308387E-03
    1.30316299E-02
    1.82571535E-02
    2.53427652E-02
    3.48330334E-02
    4.73851821E-02
    6.37694921E-02
    8.48709150E-02
    1.11670217E-01
    1.45224339E-01
    1.86692334E-01
    2.37133761E-01
    2.97589416E-01
    3.68534206E-01
    4.51285664E-01
    5.46046236E-01
    6.52552449E-01
    7.70153110E-01
    8.97541145E-01
    1.03277798E+00
    1.17324418E+00
    1.31554904E+00
    1.45553032E+00
    1.58831469E+00
    1.70851736E+00
    1.81068079E+00
    1.89006982E+00
    1.94399932E+00
    1.97324597E+00
    1.98268265E+00
    1.98185283E+00
    1.96526716E+00
    1.92319902E+00
    1.85358283E+00
    1.75903673E+00
    1.64458304E+00
    1.51595288E+00
    1.37868623E+00
    1.23771330E+00
    1.09723840E+00
    9.60732874E-01
    8.30960802E-01
    7.10015580E-01
    5.99360357E-01
    4.99876206E-01
    4.11922129E-01
    3.35408065E-01
    2.69878343E-01
    2.14600335E-01
    1.68652034E-01
    1.31002758E-01
    1.00582657E-01
    7.63385495E-02
    5.72753903E-02
    4.24841374E-02
    3.11577075E-02
    2.25972444E-02
    1.62110447E-02
    1.15083432E-02
    8.08986428E-03
    5.63667262E-03
    3.89848400E-03
    2.68226130E-03
    1.84163735E-03
    1.26748423E-03
    8.79778605E-04
    6.20788855E-04
    4.49522690E-04
    3.37317741E-04
    2.64425807E-04
    2.17430029E-04
    1.87335157E-04
    1.68186114E-04
    1.56088823E-04
    1.48527465E-04
    1.43894227E-04
    1.34697546E-04
    1.33792250E-04
    1.33444557E-04
    1.33394382E-04
    1.33570096E-04
    1.34296583E-04
    1.35877883E-04
    1.38675160E-04
    1.43248295E-04
    1.50499884E-04
    1.61802420E-04
    1.79278580E-04
    2.06335749E-04
    2.47929108E-04
    3.11439917E-04
    4.07752484E-04
    5.52742141E-04
    7.69332204E-04
    1.09026608E-03
    1.56176506E-03
    2.24825893E-03
    3.23837063E-03
    4.65226868E-03
    6.65051221E-03
    9.44415073E-03
    1.33061490E-02
    1.85828202E-02
    2.57061573E-02
    3.52015424E-02
    4.76985535E-02
    6.39207662E-02
    8.47016090E-02
    1.10949338E-01
    1.43687728E-01
    1.83909991E-01
    2.32324387E-01
    2.89928196E-01
    3.57662013E-01
    4.35994447E-01
    5.24889521E-01
    6.24010919E-01
    7.32564406E-01
    8.49159225E-01
    9.71808115E-01
    1.09787709E+00
    1.22403158E+00
    1.34626047E+00
    1.45997612E+00
    1.56028395E+00
    1.64251365E+00
    1.70310008E+00
    1.74094966E+00
    1.75839458E+00
    1.76177081E+00
    1.75654103E+00
    1.73222772E+00
    1.68381031E+00
    1.61150503E+00
    1.51883924E+00
    1.41072613E+00
    1.29226995E+00
    1.16819191E+00
    1.04259961E+00
    9.18940913E-01
    8.00016623E-01
    6.88010438E-01
    5.84524061E-01
    4.90616378E-01
    4.06851032E-01
    3.33355241E-01
    2.69889469E-01
    2.15924515E-01
    1.70720736E-01
    1.33403866E-01
    1.03032770E-01
    7.86559792E-02
    5.93555704E-02
    4.42784014E-02
    3.26558161E-02
    2.38136066E-02
    1.71742997E-02
    1.22538285E-02
    8.65444742E-03
    6.05544015E-03
    4.20283524E-03
    2.89901933E-03
    1.99286041E-03
    1.37072563E-03
    9.48602120E-04
    6.65397587E-04
    4.77403441E-04
    3.53838784E-04
    2.73354399E-04
    2.21356634E-04
    1.88007022E-04
    1.66758532E-04
    1.53309153E-04
    1.44866458E-04
    1.39639269E-04
    1.36489940E-04
    1.29166320E-04
    1.28637541E-04
    1.28482922E-04
    1.28500184E-04
    1.28821971E-04
    1.29727169E-04
    1.31482260E-04
    1.34458943E-04
    1.39252481E-04
    1.46806066E-04
    1.58536222E-04
    1.76719959E-04
    2.04864561E-04
    2.48087730E-04
    3.14016611E-04
    4.13861396E-04
    5.63927441E-04
    7.87686236E-04
    1.11854476E-03
    1.60347166E-03
    2.30764050E-03
    3.32026138E-03
    4.76163328E-03
    6.79155966E-03
    9.61872950E-03
    1.35111898E-02
    1.88064420E-02
    2.59218048E-02
    3.53594676E-02
    4.77165355E-02
    6.36704406E-02
    8.40188196E-02
    1.09584412E-01
    1.41245905E-01
    1.79673641E-01
    2.26041786E-01
    2.80985414E-01
    3.45053637E-01
    4.18485731E-01
    5.01183457E-01
    5.92696162E-01
    6.92100492E-01
    7.97942807E-01
    9.08210145E-01
    1.02028927E+00
    1.13094385E+00
    1.23636122E+00
    1.33230351E+00
    1.41444669E+00
    1.47898683E+00
    1.52358179E+00
    1.54862819E+00
    1.55753512E+00
    1.55753516E+00
    1.54662284E+00
    1.51577829E+00
    1.46322342E+00
    1.39062570E+00
    1.30185456E+00
    1.20144465E+00
    1.09381593E+00
    9.82926886E-01
    8.72158497E-01
    7.64305394E-01
    6.61597718E-01
    5.65731349E-01
    4.77901045E-01
    3.98838444E-01
    3.28858718E-01
    2.67917314E-01
    2.15675199E-01
    1.71568696E-01
    1.34878974E-01
    1.04796495E-01
    8.04768458E-02
    6.10858454E-02
    4.58332609E-02
    3.39956487E-02
    2.49296279E-02
    1.80773320E-02
    1.29658998E-02
    9.20277368E-03
    6.46833703E-03
    4.50713026E-03
    3.11858881E-03
    2.14797324E-03
    1.47793562E-03
    1.02098521E-03
    7.12979374E-04
    5.07664846E-04
    3.72223983E-04
    2.83734548E-04
    2.26425399E-04
    1.89600554E-04
    1.66104305E-04
    1.51209922E-04
    1.41835170E-04
    1.35993617E-04
    1.32419900E-04
    1.30314177E-04
    1.24401477E-04
    1.24116146E-04
    1.24064019E-04
    1.24156888E-04
    1.24621289E-04
    1.25672333E-04
    1.27566611E-04
    1.30692514E-04
    1.35672992E-04
    1.43458068E-04
    1.55620523E-04
    1.74478094E-04
    2.03624813E-04
    2.48339561E-04
    3.16461240E-04
    4.19473329E-04
    5.74030850E-04
    8.04029938E-04
    1.14335214E-03
    1.63943250E-03
    2.35777096E-03
    3.38756732E-03
    4.84841690E-03
    6.89820952E-03
    9.74181753E-03
    1.36402304E-02
    1.89196169E-02
    2.59780262E-02
    3.52936976E-02
    4.74332541E-02
    6.30488459E-02
    8.28565458E-02
    1.07496870E-01
    1.37797226E-01
    1.74650257E-01
    2.18761813E-01
    2.70636048E-01
    3.30658854E-01
    3.98942451E-01
    4.75276578E-01
    5.59093302E-01
    6.49380737E-01
    7.44646335E-01
    8.42879284E-01
    9.41522886E-01
    1.03747752E+00
    1.12717786E+00
    1.20679651E+00
    1.27264507E+00
    1.32183322E+00
    1.35324180E+00
    1.36854681E+00
    1.37205233E+00
    1.36901346E+00
    1.35216640E+00
    1.31642787E+00
    1.26188649E+00
    1.19102318E+00
    1.10765840E+00
    1.01581479E+00
    9.19238571E-01
    8.21202745E-01
    7.24457693E-01
    6.31241105E-01
    5.43302877E-01
    4.61933774E-01
    3.87996673E-01
    3.21963430E-01
    2.63960135E-01
    2.13820903E-01
    1.71147800E-01
    1.35372921E-01
    1.05818199E-01
    8.17491962E-02
    6.24202506E-02
    4.71097246E-02
    3.51452760E-02
    2.59199715E-02
    1.89006181E-02
    1.36299357E-02
    9.72420070E-03
    6.86783841E-03
    4.80620522E-03
    3.33753425E-03
    2.30476246E-03
    1.58773440E-03
    1.09609569E-03
    7.63047731E-04
    5.40029532E-04
    3.92316658E-04
    2.95475454E-04
    2.32578727E-04
    1.92073110E-04
    1.66184506E-04
    1.49750881E-04
    1.39387833E-04
    1.32905587E-04
    1.28902107E-04
    1.26490294E-04
    1.25110856E-04
    1.20267680E-04
    1.20133704E-04
    1.20133790E-04
    1.20322053E-04
    1.20908583E-04
    1.22074129E-04
    1.24077856E-04
    1.27327105E-04
    1.32470064E-04
    1.40517835E-04
    1.53032094E-04
    1.72492404E-04
    2.02535179E-04
    2.48576140E-04
    3.18623047E-04
    4.24373353E-04
    5.82742283E-04
    8.17914879E-04
    1.16403977E-03
    1.66871456E-03
    2.39732229E-03
    3.43842400E-03
    4.91008296E-03
    6.96705795E-03
    9.80891436E-03
    1.36870270E-02
    1.89146635E-02
    2.58707820E-02
    3.50191859E-02
    4.68747385E-02
    6.20161606E-02
    8.10188588E-02
    1.04702830E-01
    1.33722117E-01
    1.68746726E-01
    2.10324048E-01
    2.58882721E-01
    3.14669238E-01
    3.77671900E-01
    4.47576230E-01
    5.23721904E-01
    6.05041593E-01
    6.90027769E-01
    7.76700079E-01
    8.62591343E-01
    9.44775678E-01
    1.01998183E+00
    1.08484560E+00
    1.13636184E+00
    1.17257766E+00
    1.19352939E+00
    1.20177747E+00
    1.20225918E+00
    1.19529495E+00
    1.17338938E+00
    1.13451922E+00
    1.07990264E+00
    1.01236894E+00
    9.35448043E-01
    8.52604496E-01
    7.66958389E-01
    6.81181836E-01
    5.97486088E-01
    5.17639586E-01
    4.42992643E-01
    3.74503990E-01
    3.12770348E-01
    2.58062077E-01
    2.10366454E-01
    1.69437731E-01
    1.34851128E-01
    1.06056961E-01
    8.24311802E-02
    6.33194310E-02
    4.80728526E-02
    3.60750179E-02
    2.67603342E-02
    1.96248953E-02
    1.42311250E-02
    1.02076689E-02
    7.24592332E-03
    5.09441177E-03
    3.55199597E-03
    2.46067047E-03
    1.69847925E-03
    1.17291067E-03
    8.14984152E-04
    5.74132626E-04
    4.13904509E-04
    3.08452504E-04
    2.39739636E-04
    1.95371692E-04
    1.66956645E-04
    1.48891439E-04
    1.37482534E-04
    1.30327792E-04
    1.25884188E-04
    1.23169741E-04
    1.21566986E-04
    1.20686030E-04
    1.16662037E-04
    1.16612141E-04
    1.16658713E-04
    1.16943901E-04
    1.17627177E-04
    1.18879309E-04
    1.20965734E-04
    1.24311084E-04
    1.29572431E-04
    1.37843097E-04
    1.50707866E-04
    1.70696483E-04
    2.01516028E-04
    2.48690679E-04
    3.20353113E-04
    4.28350391E-04
    5.89759874E-04
    8.28909255E-04
    1.17998920E-03
    1.69043535E-03
    2.42506269E-03
    3.47113896E-03
    4.94437099E-03
    6.99498396E-03
    9.81588078E-03
    1.36476053E-02
    1.87933703E-02
    2.56123083E-02
    3.45289035E-02
    4.59789425E-02
    6.05359148E-02
    7.88164774E-02
    1.01432102E-01
    1.28951482E-01
    1.61926451E-01
    2.00804431E-01
    2.45901105E-01
    2.97342996E-01
    3.55013583E-01
    4.18512492E-01
    4.87113306E-01
    5.59719381E-01
    6.34832244E-01
    7.10528288E-01
    7.84460015E-01
    8.53910679E-01
    9.15944783E-01
    9.67702009E-01
    1.00688711E+00
    1.03247180E+00
    1.04548471E+00
    1.04905770E+00
    1.04741872E+00
    1.03607005E+00
    1.01039505E+00
    9.70100487E-01
    9.17009550E-01
    8.53973432E-01
    7.84114525E-01
    7.10350402E-01
    6.35241189E-01
    5.60942318E-01
    4.89210080E-01
    4.21422039E-01
    3.58600029E-01
    3.01434606E-01
    2.50313181E-01
    2.05354191E-01
    1.66447823E-01
    1.33301720E-01
    1.05488687E-01
    8.24930048E-02
    6.37523465E-02
    4.86931826E-02
    3.67585906E-02
    2.74283394E-02
    2.02318333E-02
    1.47549524E-02
    1.06420397E-02
    7.59429866E-03
    5.36575695E-03
    3.75777074E-03
    2.61283688E-03
    1.80828175E-03
    1.25022025E-03
    8.68035283E-04
    6.09516596E-04
    4.36714350E-04
    3.22502790E-04
    2.47808284E-04
    1.99430458E-04
    1.68372085E-04
    1.48589616E-04
    1.36078349E-04
    1.28217505E-04
    1.23318244E-04
    1.20300649E-04
    1.18483022E-04
    1.17437722E-04
    1.16892930E-04
    1.13503368E-04
    1.13496306E-04
    1.13600971E-04
    1.13966424E-04
    1.14720403E-04
    1.16034696E-04
    1.18178317E-04
    1.21590277E-04
    1.26993941E-04
    1.35441430E-04
    1.48601433E-04
    1.69028853E-04
    2.00489492E-04
    2.48578621E-04
    3.21506605E-04
    4.31201536E-04
    5.94796510E-04
    8.36606328E-04
    1.19062695E-03
    1.70379231E-03
    2.43990095E-03
    3.48417755E-03
    4.94908506E-03
    6.97927381E-03
    9.76211510E-03
    1.35298540E-02
    1.85663622E-02
    2.51805684E-02
    3.37651107E-02
    4.48027395E-02
    5.87771472E-02
    7.62041388E-02
    9.76046851E-02
    1.23480831E-01
    1.54280647E-01
    1.90350911E-01
    2.31901674E-01
    2.78959618E-01
    3.31322544E-01
    3.88524250E-01
    4.49796920E-01
    5.14036718E-01
    5.79776597E-01
    6.45173574E-01
    7.08027544E-01
    7.65863146E-01
    8.16114620E-01
    8.56451688E-01
    8.85293764E-01
    9.02472988E-01
    9.09737799E-01
    9.10676412E-01
    9.06352185E-01
    8.91223342E-01
    8.63178797E-01
    8.22946024E-01
    7.72616409E-01
    7.14848763E-01
    6.52315950E-01
    5.87429953E-01
    5.22263681E-01
    4.58535268E-01
    3.97621670E-01
    3.40578593E-01
    2.88161359E-01
    2.40847541E-01
    1.98863716E-01
    1.62217831E-01
    1.30736852E-01
    1.04107688E-01
    8.19185354E-02
    6.36977666E-02
    4.89480431E-02
    3.71742108E-02
    2.79044291E-02
    2.07047288E-02
    1.51877216E-02
    1.10164741E-02
    7.90466253E-03
    5.61407730E-03
    3.95042037E-03
    2.75816117E-03
    1.91504012E-03
    1.32664129E-03
    9.21316399E-04
    6.45629768E-04
    4.60408820E-04
    3.37421635E-04
    2.56658906E-04
    2.04168485E-04
    1.70373879E-04
    1.48800641E-04
    1.35133844E-04
    1.26534648E-04
    1.21160898E-04
    1.17836049E-04
    1.15807620E-04
    1.14608562E-04
    1.13941502E-04
    1.13617623E-04
    1.10720940E-04
    1.10742991E-04
    1.10909006E-04
    1.11332145E-04
    1.12129723E-04
    1.13482323E-04
    1.15678019E-04
    1.19175623E-04
    1.24682953E-04
    1.33261384E-04
    1.46659636E-04
    1.67431482E-04
    1.99380950E-04
    2.48139368E-04
    3.21945047E-04
    4.32736197E-04
    5.97588433E-04
    8.40638872E-04
    1.19544398E-03
    1.70804465E-03
    2.44073155E-03
    3.47607107E-03
    4.92371789E-03
    6.92432806E-03
    9.65499828E-03
    1.33211978E-02
    1.81814085E-02
    2.45720971E-02
    3.28448900E-02
    4.34106263E-02
    5.66980583E-02
    7.31629198E-02
    9.32545382E-02
    1.17392958E-01
    1.45934541E-01
    1.79134288E-01
    2.17111068E-01
    2.59808656E-01
    3.06958205E-01
    3.58047373E-01
    4.12288209E-01
    4.68589115E-01
    5.25534475E-01
    5.81383584E-01
    6.34108637E-01
    6.81502997E-01
    7.21395128E-01
    7.51995991E-01
    7.72420027E-01
    7.83223900E-01
    7.86589190E-01
    7.85923881E-01
    7.78511817E-01
    7.60558417E-01
    7.31474592E-01
    6.92535176E-01
    6.45851028E-01
    5.93777601E-01
    5.38548515E-01
    4.82127111E-01
    4.26171051E-01
    3.72033297E-01
    3.20778163E-01
    2.73199520E-01
    2.29839608E-01
    1.91010114E-01
    1.56817485E-01
    1.27193134E-01
    1.01927593E-01
    8.07064420E-02
    6.31454635E-02
    4.88226824E-02
    3.73055970E-02
    2.81727100E-02
    2.10291932E-02
    1.55170927E-02
    1.13208379E-02
    8.16899714E-03
    5.83324202E-03
    4.12540570E-03
    2.89338602E-03
    2.01648732E-03
    1.40064243E-03
    9.73822285E-04
    6.81829390E-04
    4.84585720E-04
    3.52960580E-04
    2.66137578E-04
    2.09487690E-04
    1.72895416E-04
    1.49474676E-04
    1.34607320E-04
    1.25238669E-04
    1.19373484E-04
    1.15731470E-04
    1.13496580E-04
    1.12147346E-04
    1.11369562E-04
    1.10953186E-04
    1.10768124E-04
    1.08249951E-04
    1.08302069E-04
    1.08519465E-04
    1.08994856E-04
    1.09838717E-04
    1.11232502E-04
    1.13475301E-04
    1.17025556E-04
    1.22572346E-04
    1.31265708E-04
    1.44837757E-04
    1.65848999E-04
    1.98118607E-04
    2.47277345E-04
    3.21540670E-04
    4.32784978E-04
    5.97903538E-04
    8.40654035E-04
    1.19389860E-03
    1.70248154E-03
    2.42735308E-03
    3.44905484E-03
    4.87202159E-03
    6.82359045E-03
    9.46631994E-03
    1.30151491E-02
    1.77125608E-02
    2.38493581E-02
    3.17483461E-02
    4.17718590E-02
    5.43028700E-02
    6.97357048E-02
    8.84499438E-02
    1.10788395E-01
    1.37026017E-01
    1.67336746E-01
    2.01762821E-01
    2.40181771E-01
    2.82275779E-01
    3.27504300E-01
    3.75077210E-01
    4.23932263E-01
    4.72722876E-01
    5.19829976E-01
    5.63419481E-01
    6.01574322E-01
    6.32529264E-01
    6.55026578E-01
    6.68818199E-01
    6.75004459E-01
    6.76128858E-01
    6.73663492E-01
    6.63495772E-01
    6.43777532E-01
    6.14808065E-01
    5.78099392E-01
    5.35619515E-01
    4.89379737E-01
    4.41211150E-01
    3.92689989E-01
    3.45125861E-01
    2.99570524E-01
    2.56833603E-01
    2.17498756E-01
    1.81940683E-01
    1.50344824E-01
    1.22731080E-01
    9.89815283E-02
    7.88708003E-02
    6.20970237E-02
    4.83111420E-02
    3.71428104E-02
    2.82217085E-02
    2.11937950E-02
    1.57326061E-02
    1.15461117E-02
    8.37987852E-03
    6.01737714E-03
    4.27824180E-03
    3.01519938E-03
    2.11025429E-03
    1.47058047E-03
    1.02444623E-03
    7.17390102E-04
    5.08780609E-04
    3.68827162E-04
    2.76061042E-04
    2.15271471E-04
    1.75859094E-04
    1.50555879E-04
    1.34454577E-04
    1.24289826E-04
    1.17917293E-04
    1.13948977E-04
    1.11504717E-04
    1.10015016E-04
    1.09126533E-04
    1.08626263E-04
    1.08370777E-04
    1.08266051E-04
    1.06080446E-04
    1.06175594E-04
    1.06441869E-04
    1.06954837E-04
    1.07829146E-04
    1.09249282E-04
    1.11506012E-04
    1.15059436E-04
    1.20646748E-04
    1.29418405E-04
    1.43091824E-04
    1.64228431E-04
    1.96635716E-04
    2.45905493E-04
    3.20178279E-04
    4.31176900E-04
    5.95483035E-04
    8.36340647E-04
    1.18599915E-03
    1.68824918E-03
    2.40164144E-03
    3.39975720E-03
    4.78008166E-03
    6.67221823E-03
    9.23145583E-03
    1.26490769E-02
    1.71487296E-02
    2.29909890E-02
    3.04696710E-02
    3.99039377E-02
    5.16283566E-02
    6.59790052E-02
    8.32709162E-02
    1.03776916E-01
    1.27699976E-01
    1.55144794E-01
    1.86091026E-01
    2.20365688E-01
    2.57617738E-01
    2.97294180E-01
    3.38617898E-01
    3.80570812E-01
    4.21890708E-01
    4.61096818E-01
    4.96565759E-01
    5.26683109E-01
    5.50089896E-01
    5.66034200E-01
    5.74806465E-01
    5.77809776E-01
    5.77715391E-01
    5.73115674E-01
    5.60883743E-01
    5.40409690E-01
    5.12490347E-01
    4.78663522E-01
    4.40667981E-01
    4.00175351E-01
    3.58662855E-01
    3.17379780E-01
    2.77348108E-01
    2.39374069E-01
    2.04062338E-01
    1.71830248E-01
    1.42923304E-01
    1.17433548E-01
    9.53214935E-02
    7.64410886E-02
    6.05662145E-02
    4.74168144E-02
    3.66828818E-02
    2.80449881E-02
    2.11906213E-02
    1.58261653E-02
    1.16847876E-02
    8.53078787E-03
    6.16110035E-03
    4.40466774E-03
    3.12035176E-03
    2.19394691E-03
    1.53474794E-03
    1.07200736E-03
    7.51518209E-04
    5.32473312E-04
    3.84687057E-04
    2.86216619E-04
    2.21383958E-04
    1.79175601E-04
    1.51981783E-04
    1.34627908E-04
    1.23648235E-04
    1.16753879E-04
    1.12453479E-04
    1.09794114E-04
    1.08168787E-04
    1.07175161E-04
    1.06589226E-04
    1.06250161E-04
    1.06108002E-04
    1.06077166E-04
    1.04206751E-04
    1.04341500E-04
    1.04634964E-04
    1.05162259E-04
    1.06040684E-04
    1.07458084E-04
    1.09711257E-04
    1.13269973E-04
    1.18880717E-04
    1.27682519E-04
    1.41380510E-04
    1.62520735E-04
    1.94867570E-04
    2.43931972E-04
    3.17735226E-04
    4.27797688E-04
    5.90431111E-04
    8.28256149E-04
    1.17238039E-03
    1.66339329E-03
    2.35621362E-03
    3.32570976E-03
    4.66436772E-03
    6.49048441E-03
    8.94807758E-03
    1.22111217E-02
    1.64848968E-02
    2.20034663E-02
    2.90278175E-02
    3.78371224E-02
    4.87192591E-02
    6.19560219E-02
    7.78036167E-02
    9.64725806E-02
    1.18103760E-01
    1.42744311E-01
    1.70324561E-01
    2.00635165E-01
    2.33305650E-01
    2.67784017E-01
    3.03318935E-01
    3.38949114E-01
    3.73509796E-01
    4.05672041E-01
    4.34034668E-01
    4.57288732E-01
    4.74464155E-01
    4.85267094E-01
    4.90412083E-01
    4.91540102E-01
    4.90275769E-01
    4.83687891E-01
    4.70175773E-01
    4.49822729E-01
    4.23652582E-01
    3.93099348E-01
    3.59641991E-01
    3.24640987E-01
    2.89271258E-01
    2.54510701E-01
    2.21146648E-01
    1.89787544E-01
    1.60875291E-01
    1.34697803E-01
    1.11403227E-01
    9.10169474E-02
    7.34615465E-02
    5.85788605E-02
    4.61526378E-02
    3.59301795E-02
    2.76415895E-02
    2.10157252E-02
    1.57924503E-02
    1.17312276E-02
    8.61640764E-03
    6.25975465E-03
    4.50082298E-03
    3.20578353E-03
    2.26523369E-03
    1.59143041E-03
    1.11528592E-03
    7.83371935E-04
    5.55098500E-04
    4.00169020E-04
    2.96364029E-04
    2.27669940E-04
    1.82743146E-04
    1.53682905E-04
    1.35076198E-04
    1.23272638E-04
    1.15846632E-04
    1.11208365E-04
    1.08332004E-04
    1.06566512E-04
    1.05474917E-04
    1.04789067E-04
    1.04405980E-04
    1.04243978E-04
    1.04182954E-04
    1.04171677E-04
    1.02546701E-04
    1.02700759E-04
    1.03009371E-04
    1.03545040E-04
    1.04425041E-04
    1.05837902E-04
    1.08083558E-04
    1.11637867E-04
    1.17242844E-04
    1.26023107E-04
    1.39664772E-04
    1.60676154E-04
    1.92750493E-04
    2.41318178E-04
    3.14304605E-04
    4.22886726E-04
    5.82684633E-04
    8.15226074E-04
    1.14985166E-03
    1.62734045E-03
    2.30004146E-03
    3.23684107E-03
    4.52462866E-03
    6.27210412E-03
    8.61232310E-03
    1.17035252E-02
    1.57306458E-02
    2.09021086E-02
    2.74469079E-02
    3.56064889E-02
    4.56246533E-02
    5.77336026E-02
    7.21368223E-02
    8.89905420E-02
    1.08383333E-01
    1.30315880E-01
    1.54681341E-01
    1.81246366E-01
    2.09632901E-01
    2.39301177E-01
    2.69536292E-01
    2.99444287E-01
    3.27968508E-01
    3.53941514E-01
    3.76189134E-01
    3.93700854E-01
    4.05869357E-01
    4.12797912E-01
    4.15455604E-01
    4.15566902E-01
    4.12905015E-01
    4.04821841E-01
    3.90774790E-01
    3.71238838E-01
    3.47286498E-01
    3.20179700E-01
    2.91140601E-01
    2.61257358E-01
    2.31452233E-01
    2.02481202E-01
    1.74942485E-01
    1.49287144E-01
    1.25829684E-01
    1.04759240E-01
    8.61526258E-02
    6.99899009E-02
    5.61722131E-02
    4.45408992E-02
    3.48964849E-02
    2.70162599E-02
    2.06694254E-02
    1.56292344E-02
    1.16819636E-02
    8.63288520E-03
    6.30962736E-03
    4.56342074E-03
    3.26875598E-03
    2.32194018E-03
    1.63897137E-03
    1.15306554E-03
    8.12087338E-04
    5.76060532E-04
    4.14872593E-04
    3.06239014E-04
    2.33956457E-04
    1.86447563E-04
    1.55581673E-04
    1.35744176E-04
    1.23120596E-04
    1.15159447E-04
    1.10178687E-04
    1.07084379E-04
    1.05174846E-04
    1.03990508E-04
    1.03222313E-04
    1.02830253E-04
    1.02633327E-04
    1.02530546E-04
    1.02494874E-04
    1.02494879E-04
    1.01066120E-04
    1.01237035E-04
    1.01555933E-04
    1.02094728E-04
    1.02971025E-04
    1.04373630E-04
    1.06603690E-04
    1.10135968E-04
    1.15701937E-04
    1.24407451E-04
    1.37909090E-04
    1.58663377E-04
    1.90290981E-04
    2.38095241E-04
    3.09629763E-04
    4.15706812E-04
    5.71394625E-04
    7.97596090E-04
    1.12260654E-03
    1.58428429E-03
    2.23213996E-03
    3.12997570E-03
    4.35864432E-03
    6.01785619E-03
    8.22874471E-03
    1.11340240E-02
    1.48984004E-02
    1.97055190E-02
    2.57539644E-02
    3.32496605E-02
    4.23957987E-02
    5.33800718E-02
    6.63595281E-02
    8.14441175E-02
    9.86795324E-02
    1.18030235E-01
    1.39363005E-01
    1.62431053E-01
    1.86858679E-01
    2.12127556E-01
    2.37567929E-01
    2.62361666E-01
    2.85568092E-01
    3.06186365E-01
    3.23266791E-01
    3.36080813E-01
    3.44347774E-01
    3.48486699E-01
    3.49597427E-01
    3.48969620E-01
    3.44907051E-01
    3.35903265E-01
    3.21967508E-01
    3.03758980E-01
    2.82290483E-01
    2.58629242E-01
    2.33762752E-01
    2.08548308E-01
    1.83700734E-01
    1.59796958E-01
    1.37284609E-01
    1.16491156E-01
    9.76330335E-02
    8.08256878E-02
    6.60954991E-02
    5.33938238E-02
    4.26126382E-02
    3.36007563E-02
    2.61794484E-02
    2.01564379E-02
    1.53375834E-02
    1.15359181E-02
    8.57804716E-03
    6.30814150E-03
    4.58990835E-03
    3.30697864E-03
    2.36214531E-03
    1.67584147E-03
    1.18418063E-03
    8.36809061E-04
    5.94752244E-04
    4.28378895E-04
    3.15558907E-04
    2.40055322E-04
    1.90163651E-04
    1.57593074E-04
    1.36571305E-04
    1.23146456E-04
    1.14655923E-04
    1.09332337E-04
    1.06018849E-04
    1.03967266E-04
    1.02691952E-04
    1.01865148E-04
    1.01450223E-04
    1.01197427E-04
    1.01056671E-04
    1.00996922E-04
    1.00983447E-04
    1.00994434E-04
    9.97483876E-05
    9.99311211E-05
    1.00254787E-04
    1.00791065E-04
    1.01657527E-04
    1.03042640E-04
    1.05246085E-04
    1.08736077E-04
    1.14229475E-04
    1.22809182E-04
    1.36092754E-04
    1.56450188E-04
    1.87331501E-04
    2.33982614E-04
    3.03756055E-04
    4.06930957E-04
    5.58007210E-04
    7.76744514E-04
    1.08985295E-03
    1.53272853E-03
    2.15162812E-03
    3.00551866E-03
    4.16856997E-03
    5.73155743E-03
    7.80361033E-03
    1.05121592E-02
    1.40023439E-02
    1.84340786E-02
    2.39774440E-02
    3.08054831E-02
    3.90846776E-02
    4.89634029E-02
    6.05586426E-02
    7.39418283E-02
    8.91244809E-02
    1.06044076E-01
    1.24550333E-01
    1.44391863E-01
    1.65203442E-01
    1.86495596E-01
    2.07650644E-01
    2.27932643E-01
    2.46521594E-01
    2.62583405E-01
    2.75383700E-01
    2.84453143E-01
    2.89791070E-01
    2.92018096E-01
    2.92288946E-01
    2.90784746E-01
    2.85654856E-01
    2.76275132E-01
    2.62952549E-01
    2.46401326E-01
    2.27514960E-01
    2.07168548E-01
    1.86145185E-01
    1.65111096E-01
    1.44613401E-01
    1.25086379E-01
    1.06859221E-01
    9.01637445E-02
    7.51423189E-02
    6.18569281E-02
    5.02999624E-02
    4.04066652E-02
    3.20685822E-02
    2.51470577E-02
    1.94858217E-02
    1.49219186E-02
    1.12945301E-02
    8.45154979E-03
    6.25400661E-03
    4.57860423E-03
    3.31872521E-03
    2.38427383E-03
    1.70070853E-03
    1.20756663E-03
    8.56724600E-04
    6.10577077E-04
    4.40264037E-04
    3.24030380E-04
    2.45767135E-04
    1.93756730E-04
    1.59625493E-04
    1.37493218E-04
    1.23301739E-04
    1.14296452E-04
    1.08636027E-04
    1.05106247E-04
    1.02916337E-04
    1.01553431E-04
    1.00677086E-04
    1.00218332E-04
    9.99179308E-05
    9.97479326E-05
    9.96653768E-05
    9.96372564E-05
    9.96356001E-05
    9.96600907E-05
    9.85678858E-05
    9.87567583E-05
    9.90797920E-05
    9.96084251E-05
    1.00459518E-04
    1.01819908E-04
    1.03984819E-04
    1.07412255E-04
    1.12800717E-04
    1.21200065E-04
    1.34154607E-04
    1.53919677E-04
    1.84040471E-04
    2.29390077E-04
    2.96992999E-04
    3.96708595E-04
    5.42187902E-04
    7.52067400E-04
    1.05134866E-03
    1.47295748E-03
    2.05957114E-03
    2.86528214E-03
    3.95746281E-03
    5.41797621E-03
    7.34414708E-03
    9.84852952E-03
    1.30576551E-02
    1.71090501E-02
    2.21464499E-02
    2.83130137E-02
    3.57425900E-02
    4.45494251E-02
    5.48167056E-02
    6.65846065E-02
    7.98383552E-02
    9.44965291E-02
    1.10399623E-01
    1.27298871E-01
    1.44845998E-01
    1.62586190E-01
    1.79959022E-01
    1.96314808E-01
    2.10955517E-01
    2.23209221E-01
    2.32542337E-01
    2.38716334E-01
    2.41947863E-01
    2.42949938E-01
    2.42710772E-01
    2.40289534E-01
    2.34497153E-01
    2.25205131E-01
    2.12857595E-01
    1.98139464E-01
    1.81803539E-01
    1.64550651E-01
    1.46991952E-01
    1.29638502E-01
    1.12903686E-01
    9.71095257E-02
    8.24932838E-02
    6.92139568E-02
    5.73592320E-02
    4.69536488E-02
    3.79682356E-02
    3.03313391E-02
    2.39399545E-02
    1.86707349E-02
    1.43899352E-02
    1.09617740E-02
    8.25495377E-03
    6.14731852E-03
    4.52880236E-03
    3.30293037E-03
    2.38717907E-03
    1.71250384E-03
    1.22231026E-03
    8.71100309E-04
    6.22973541E-04
    4.50114868E-04
    3.31358891E-04
    2.50886770E-04
    1.97085664E-04
    1.61581452E-04
    1.38441735E-04
    1.23536765E-04
    1.14041574E-04
    1.08054625E-04
    1.04313720E-04
    1.01991115E-04
    1.00545669E-04
    9.96174801E-05
    9.91100058E-05
    9.87737544E-05
    9.85769626E-05
    9.84762996E-05
    9.84343413E-05
    9.84246816E-05
    9.84301114E-05
    9.84681541E-05
    9.74963669E-05
    9.76866112E-05
    9.80046916E-05
    9.85215525E-05
    9.93524982E-05
    1.00681122E-04
    1.02795630E-04
    1.06140580E-04
    1.11389832E-04
    1.19545845E-04
    1.32077932E-04
    1.51263239E-04
    1.80410198E-04
    2.24183922E-04
    2.89226674E-04
    3.84856228E-04
    5.23891175E-04
    7.23742221E-04
    1.00759262E-03
    1.40580976E-03
    1.95741818E-03
    2.71156586E-03
    3.72888038E-03
    5.08242829E-03
    6.85813753E-03
    9.15431411E-03
    1.20800116E-02
    1.57519792E-02
    2.02899740E-02
    2.58104599E-02
    3.24187659E-02
    4.02000873E-02
    4.92097677E-02
    5.94633462E-02
    7.09267068E-02
    8.35064075E-02
    9.70401437E-02
    1.11287518E-01
    1.25922216E-01
    1.40528409E-01
    1.54606385E-01
    1.67594391E-01
    1.78914269E-01
    1.88047148E-01
    1.94640091E-01
    1.98649027E-01
    2.00435314E-01
    2.00762487E-01
    1.99983532E-01
    1.96833044E-01
    1.90766687E-01
    1.81919030E-01
    1.70773627E-01
    1.57938618E-01
    1.44027052E-01
    1.29589427E-01
    1.15095903E-01
    1.00933539E-01
    8.74104411E-02
    7.47613933E-02
    6.31533350E-02
    5.26908649E-02
    4.34223932E-02
    3.53474376E-02
    2.84250913E-02
    2.25832579E-02
    1.77280072E-02
    1.37523754E-02
    1.05440662E-02
    7.99171568E-03
    5.98959955E-03
    4.44083613E-03
    3.25926065E-03
    2.37021042E-03
    1.71048055E-03
    1.22769649E-03
    8.79317019E-04
    6.31440689E-04
    4.57546216E-04
    3.37259751E-04
    2.55209925E-04
    2.00006588E-04
    1.63360163E-04
    1.39344936E-04
    1.23799556E-04
    1.13852289E-04
    1.07555747E-04
    1.03610771E-04
    1.01159251E-04
    9.96342535E-05
    9.86541029E-05
    9.81033054E-05
    9.77368016E-05
    9.75182507E-05
    9.74019752E-05
    9.73481322E-05
    9.73299620E-05
    9.73286093E-05
    9.73414800E-05
    9.73900468E-05
    9.65070791E-05
    9.66950326E-05
    9.70049584E-05
    9.75067850E-05
    9.83133252E-05
    9.96033606E-05
    1.01655799E-04
    1.04898304E-04
    1.09974998E-04
    1.17838585E-04
    1.29899785E-04
    1.48409055E-04
    1.76416129E-04
    2.18343935E-04
    2.80452986E-04
    3.71467274E-04
    5.03328360E-04
    6.92146905E-04
    9.59242790E-04
    1.33235482E-03
    1.84685217E-03
    2.54694321E-03
    3.48666826E-03
    4.73055767E-03
    6.35368523E-03
    8.44092805E-03
    1.10851417E-02
    1.43841079E-02
    1.84360983E-02
    2.33341304E-02
    2.91590624E-02
    3.59718795E-02
    4.38055696E-02
    5.26569254E-02
    6.24784546E-02
    7.31703839E-02
    8.45727362E-02
    9.64579111E-02
    1.08525274E-01
    1.20400918E-01
    1.31647553E-01
    1.41790652E-01
    1.50366758E-01
    1.56997472E-01
    1.61487187E-01
    1.63941850E-01
    1.64782822E-01
    1.64755397E-01
    1.63389502E-01
    1.59780070E-01
    1.53767766E-01
    1.45614967E-01
    1.35783899E-01
    1.24786928E-01
    1.13110646E-01
    1.01180362E-01
    8.93529256E-02
    7.79176996E-02
    6.71009498E-02
    5.70705594E-02
    4.79405433E-02
    3.97757630E-02
    3.25973766E-02
    2.63892851E-02
    2.11054370E-02
    1.66775463E-02
    1.30226616E-02
    1.00500606E-02
    7.66709325E-03
    5.78377442E-03
    4.31609611E-03
    3.18815362E-03
    2.33326025E-03
    1.69425983E-03
    1.22324914E-03
    8.80902913E-04
    6.35563057E-04
    4.62218679E-04
    3.41470104E-04
    2.58540799E-04
    2.02377413E-04
    1.64859846E-04
    1.40129656E-04
    1.24035625E-04
    1.13687584E-04
    1.07108688E-04
    1.02970169E-04
    1.00394269E-04
    9.87924445E-05
    9.77642931E-05
    9.71764758E-05
    9.67822292E-05
    9.65451841E-05
    9.64156825E-05
    9.63517920E-05
    9.63256287E-05
    9.63194955E-05
    9.63222069E-05
    9.63425491E-05
    9.63981277E-05
    9.55752747E-05
    9.57583095E-05
    9.60577422E-05
    9.65418616E-05
    9.73200976E-05
    9.85649853E-05
    1.00544031E-04
    1.03664515E-04
    1.08534778E-04
    1.16054753E-04
    1.27651707E-04
    1.45347322E-04
    1.72046104E-04
    2.11901482E-04
    2.70757397E-04
    3.56709939E-04
    4.80786718E-04
    6.57761039E-04
    9.07064365E-04
    1.25379151E-03
    1.72970062E-03
    2.37415777E-03
    3.23485239E-03
    4.36816836E-03
    5.83897741E-03
    7.71969647E-03
    1.00883859E-02
    1.30257859E-02
    1.66112216E-02
    2.09174743E-02
    2.60048145E-02
    3.19145082E-02
    3.86621124E-02
    4.62307778E-02
    5.45646185E-02
    6.35621001E-02
    7.30695378E-02
    8.28754091E-02
    9.27073151E-02
    1.02234897E-01
    1.11083305E-01
    1.18862267E-01
    1.25214675E-01
    1.29885587E-01
    1.32809223E-01
    1.34199224E-01
    1.34510600E-01
    1.34160030E-01
    1.32302216E-01
    1.28499966E-01
    1.22793196E-01
    1.15487372E-01
    1.06991161E-01
    9.77204244E-02
    8.80535456E-02
    7.83142460E-02
    6.87698462E-02
    5.96337549E-02
    5.10694202E-02
    4.31941614E-02
    3.60829019E-02
    2.97722499E-02
    2.42653043E-02
    1.95372647E-02
    1.55416082E-02
    1.22164099E-02
    9.49034209E-03
    7.28796765E-03
    5.53408121E-03
    4.15699879E-03
    3.09082173E-03
    2.27678664E-03
    1.66386126E-03
    1.20876195E-03
    8.75561306E-04
    6.35033326E-04
    4.63855838E-04
    3.43761191E-04
    2.60700310E-04
    2.04063097E-04
    1.65980784E-04
    1.40722725E-04
    1.24190388E-04
    1.13504983E-04
    1.06679413E-04
    1.02367689E-04
    9.96718121E-05
    9.79962126E-05
    9.69286465E-05
    9.63078025E-05
    9.58871612E-05
    9.56330874E-05
    9.54922042E-05
    9.54197478E-05
    9.53867574E-05
    9.53755165E-05
    9.53744259E-05
    9.53811035E-05
    9.54072925E-05
    9.54666640E-05
    9.46779914E-05
    9.48542643E-05
    9.51414459E-05
    9.56055890E-05
    9.63519203E-05
    9.75453823E-05
    9.94400698E-05
    1.02420142E-04
    1.07057780E-04
    1.14214087E-04
    1.25263243E-04
    1.42061556E-04
    1.67324998E-04
    2.04920232E-04
    2.60257722E-04
    3.40788071E-04
    4.56600587E-04
    6.21121018E-04
    8.51892715E-04
    1.17140155E-03
    1.60788498E-03
    2.19604241E-03
    2.97752159E-03
    4.00105144E-03
    5.32204684E-03
    7.00153760E-03
    9.10427130E-03
    1.16959173E-02
    1.48393689E-02
    1.85902589E-02
    2.29918977E-02
    2.80698919E-02
    3.38266743E-02
    4.02360593E-02
    4.72378098E-02
    5.47321904E-02
    6.25747583E-02
    7.05723507E-02
    7.84823164E-02
    8.60182231E-02
    9.28660437E-02
    9.87145954E-02
    1.03302278E-01
    1.06479554E-01
    1.08283500E-01
    1.08982518E-01
    1.09017865E-01
    1.08312100E-01
    1.06140345E-01
    1.02369240E-01
    9.71390330E-02
    9.07486093E-02
    8.35401429E-02
    7.58416039E-02
    6.79421351E-02
    6.00847302E-02
    5.24670269E-02
    4.52441365E-02
    3.85319332E-02
    3.24101324E-02
    2.69254120E-02
    2.20949616E-02
    1.79106792E-02
    1.43439657E-02
    1.13508446E-02
    8.87703079E-03
    6.86259016E-03
    5.24592042E-03
    3.96690674E-03
    2.96921930E-03
    2.20180917E-03
    1.61971471E-03
    1.18431762E-03
    8.63191151E-04
    6.29671053E-04
    4.62259671E-04
    3.43950064E-04
    2.61534423E-04
    2.04941174E-04
    1.66628936E-04
    1.41052909E-04
    1.24209994E-04
    1.13262240E-04
    1.06233892E-04
    1.01772863E-04
    9.89704634E-05
    9.72248595E-05
    9.61281988E-05
    9.54741496E-05
    9.50288707E-05
    9.47586836E-05
    9.46077143E-05
    9.45280287E-05
    9.44892009E-05
    9.44733207E-05
    9.44693828E-05
    9.44705871E-05
    9.44812337E-05
    9.45112933E-05
    9.45718778E-05
    9.37935818E-05
    9.39618076E-05
    9.42353711E-05
    9.46775714E-05
    9.53886308E-05
    9.65246772E-05
    9.83249908E-05
    1.01149825E-04
    1.05536548E-04
    1.12324927E-04
    1.22759183E-04
    1.38574946E-04
    1.62291555E-04
    1.97475108E-04
    2.49088700E-04
    3.23926872E-04
    4.31134154E-04
    5.82799020E-04
    7.94607010E-04
    1.08651033E-03
    1.48336277E-03
    2.01543425E-03
    2.71870530E-03
    3.63481680E-03
    4.81054287E-03
    6.29666072E-03
    8.14612074E-03
    1.04114769E-02
    1.31416175E-02
    1.63779233E-02
    2.01500459E-02
    2.44715117E-02
    2.93352970E-02
    3.47094112E-02
    4.05324471E-02
    4.67091416E-02
    5.31063724E-02
    5.95507526E-02
    6.58299416E-02
    7.17006363E-02
    7.69064670E-02
    8.12082672E-02
    8.44273303E-02
    8.65008933E-02
    8.75405656E-02
    8.78303177E-02
    8.76790351E-02
    8.66484626E-02
    8.43419749E-02
    8.07729070E-02
    7.61194540E-02
    7.06481080E-02
    6.46345928E-02
    5.83317639E-02
    5.19571653E-02
    4.56907599E-02
    3.96766953E-02
    3.40259117E-02
    2.88187706E-02
    2.41075345E-02
    1.99190072E-02
    1.62576152E-02
    1.31090218E-02
    1.04441464E-02
    8.22331963E-03
    6.40026614E-03
    4.92564945E-03
    3.75000338E-03
    2.82597356E-03
    2.10987749E-03
    1.56265221E-03
    1.15029293E-03
    8.43898497E-04
    6.19435894E-04
    4.57322938E-04
    3.41909889E-04
    2.60921991E-04
    2.04907324E-04
    1.66719568E-04
    1.41053514E-04
    1.24042247E-04
    1.12918417E-04
    1.05737340E-04
    1.01156487E-04
    9.82646253E-05
    9.64564246E-05
    9.53438387E-05
    9.46498862E-05
    9.41853656E-05
    9.38997135E-05
    9.37394762E-05
    9.36537016E-05
    9.36100916E-05
    9.35902283E-05
    9.35833166E-05
    9.35824295E-05
    9.35857163E-05
    9.35994765E-05
    9.36315385E-05
    9.36914553E-05
    9.29013047E-05
    9.30605743E-05
    9.33194290E-05
    9.37379511E-05
    9.44105965E-05
    9.54837764E-05
    9.71803143E-05
    9.98327648E-05
    1.03945306E-04
    1.10349047E-04
    1.20129367E-04
    1.34903501E-04
    1.56990694E-04
    1.89651481E-04
    2.37397031E-04
    3.06366309E-04
    4.04769203E-04
    5.43385905E-04
    7.36102862E-04
    1.00044703E-03
    1.35806780E-03
    1.83509065E-03
    2.46225575E-03
    3.27473453E-03
    4.31152030E-03
    5.61429598E-03
    7.22571965E-03
    9.18711978E-03
    1.15356644E-02
    1.43011313E-02
    1.75024451E-02
    2.11441273E-02
    2.52127376E-02
    2.96732919E-02
    3.44656304E-02
    3.95008761E-02
    4.46585687E-02
    4.97857589E-02
    5.47001145E-02
    5.91995692E-02
    6.30809035E-02
    6.61685853E-02
    6.83536996E-02
    6.96415761E-02
    7.01853124E-02
    7.02618086E-02
    6.99076407E-02
    6.86635659E-02
    6.63725785E-02
    6.31184316E-02
    5.90823310E-02
    5.44872447E-02
    4.95486508E-02
    4.44578013E-02
    3.93760472E-02
    3.44349064E-02
    2.97380059E-02
    2.53632648E-02
    2.13649579E-02
    1.77757342E-02
    1.46088681E-02
    1.18609148E-02
    9.51476948E-03
    7.54296875E-03
    5.91099341E-03
    4.58033333E-03
    3.51112887E-03
    2.66428281E-03
    2.00301342E-03
    1.49387972E-03
    1.10734922E-03
    8.17997678E-04
    6.04434137E-04
    4.49037509E-04
    3.37577992E-04
    2.58781534E-04
    2.03880555E-04
    1.66180957E-04
    1.40664642E-04
    1.23638373E-04
    1.12433574E-04
    1.05157117E-04
    1.00490197E-04
    9.75305579E-05
    9.56736387E-05
    9.45216326E-05
    9.37989464E-05
    9.33341589E-05
    9.30351626E-05
    9.28659577E-05
    9.27747954E-05
    9.27273385E-05
    9.27042214E-05
    9.26946547E-05
    9.26921261E-05
    9.26925438E-05
    9.26979068E-05
    9.27136862E-05
    9.27462327E-05
    9.28041735E-05
    9.19809712E-05
    9.21306330E-05
    9.23738906E-05
    9.27671555E-05
    9.33984270E-05
    9.44037801E-05
    9.59889861E-05
    9.84635506E-05
    1.02321607E-04
    1.08294732E-04
    1.17382390E-04
    1.31071042E-04
    1.51472950E-04
    1.81540734E-04
    2.25336428E-04
    2.88354197E-04
    3.77893778E-04
    5.03474004E-04
    6.77265087E-04
    9.14505165E-04
    1.23385266E-03
    1.65760958E-03
    2.21173925E-03
    2.92559213E-03
    3.83125739E-03
    4.96247240E-03
    6.35305883E-03
    8.03490189E-03
    1.00355479E-02
    1.23755381E-02
    1.50656085E-02
    1.81038506E-02
    2.14728556E-02
    2.51368121E-02
    2.90385693E-02
    3.30969138E-02
    3.72047662E-02
    4.12296166E-02
    4.50180539E-02
    4.84064085E-02
    5.12391299E-02
    5.33953338E-02
    5.48228732E-02
    5.55752431E-02
    5.58162772E-02
    5.57725155E-02
    5.52240558E-02
    5.38827284E-02
    5.17193770E-02
    4.88442053E-02
    4.54214743E-02
    4.16296684E-02
    3.76332134E-02
    3.35743895E-02
    2.95712433E-02
    2.57185852E-02
    2.20897477E-02
    1.87383177E-02
    1.56997536E-02
    1.29930508E-02
    1.06226633E-02
    8.58076393E-03
    6.84978540E-03
    5.40507495E-03
    4.21746568E-03
    3.25558619E-03
    2.48778746E-03
    1.88362983E-03
    1.41492992E-03
    1.05640814E-03
    7.86001781E-04
    5.84917741E-04
    4.37497783E-04
    3.30960939E-04
    2.55076358E-04
    2.01807567E-04
    1.64957703E-04
    1.39835558E-04
    1.22954528E-04
    1.11770711E-04
    1.04462014E-04
    9.97471877E-05
    9.67417468E-05
    9.48460161E-05
    9.36608492E-05
    9.29222495E-05
    9.24557052E-05
    9.21447702E-05
    9.19664112E-05
    9.18702476E-05
    9.18195931E-05
    9.17939320E-05
    9.17821521E-05
    9.17779303E-05
    9.17772523E-05
    9.17787464E-05
    9.17857378E-05
    9.18024948E-05
    9.18344113E-05
    9.18895060E-05
    9.10127771E-05
    9.11523687E-05
    9.13793187E-05
    9.17460110E-05
    9.23336475E-05
    9.32673037E-05
    9.47351357E-05
    9.70301594E-05
    1.00631779E-04
    1.06153029E-04
    1.14526496E-04
    1.27104467E-04
    1.45791874E-04
    1.73237063E-04
    2.13062783E-04
    2.70138464E-04
    3.50890545E-04
    4.63639340E-04
    6.18941233E-04
    8.29904595E-04
    1.11243548E-03
    1.48535760E-03
    1.97034166E-03
    2.59157539E-03
    3.37511217E-03
    4.34785441E-03
    5.53616190E-03
    6.96411813E-03
    8.65153072E-03
    1.06117671E-02
    1.28495189E-02
    1.53585442E-02
    1.81193783E-02
    2.10969891E-02
    2.42384467E-02
    2.74709525E-02
    3.07010038E-02
    3.38159581E-02
    3.66895689E-02
    3.91929881E-02
    4.12121751E-02
    4.26713649E-02
    4.35618902E-02
    4.39663921E-02
    4.40474906E-02
    4.38898064E-02
    4.32045497E-02
    4.18647562E-02
    3.99024624E-02
    3.74298572E-02
    3.45852963E-02
    3.15070024E-02
    2.83179735E-02
    2.51224749E-02
    2.20057131E-02
    1.90350626E-02
    1.62615112E-02
    1.37209989E-02
    1.14356972E-02
    9.41539702E-03
    7.65914106E-03
    6.15711771E-03
    4.89272784E-03
    3.84467575E-03
    2.98892868E-03
    2.30042130E-03
    1.75443084E-03
    1.32759865E-03
    9.98614026E-04
    7.48602648E-04
    5.61275681E-04
    4.22898736E-04
    3.22136077E-04
    2.49817525E-04
    1.98665928E-04
    1.63013510E-04
    1.38526860E-04
    1.21953354E-04
    1.10896350E-04
    1.03622388E-04
    9.89007632E-05
    9.58737883E-05
    9.39548489E-05
    9.27500315E-05
    9.19997708E-05
    9.15266986E-05
    9.12092924E-05
    9.10212785E-05
    9.09197296E-05
    9.08661865E-05
    9.08385047E-05
    9.08249859E-05
    9.08192874E-05
    9.08176916E-05
    9.08177499E-05
    9.08203238E-05
    9.08283314E-05
    9.08452123E-05
    9.08757302E-05
    9.09274173E-05
    8.99787316E-05
    9.01080386E-05
    9.03182105E-05
    9.06574639E-05
    9.12007959E-05
    9.20637574E-05
    9.34270614E-05
    9.55569660E-05
    9.88640634E-05
    1.03918552E-04
    1.11570884E-04
    1.23031489E-04
    1.40001407E-04
    1.64834020E-04
    2.00728985E-04
    2.51959177E-04
    3.24125025E-04
    4.24424208E-04
    5.61916781E-04
    7.47756984E-04
    9.95353246E-04
    1.32040925E-03
    1.74079271E-03
    2.27617873E-03
    2.94742328E-03
    3.77564217E-03
    4.78100146E-03
    5.98126060E-03
    7.39013900E-03
    9.01558565E-03
    1.08580115E-02
    1.29085003E-02
    1.51469747E-02
    1.75403176E-02
    2.00405817E-02
    2.25837040E-02
    2.50895168E-02
    2.74641866E-02
    2.96063389E-02
    3.14178738E-02
    3.28198368E-02
    3.37723924E-02
    3.42976483E-02
    3.44873289E-02
    3.44879146E-02
    3.42171055E-02
    3.34659238E-02
    3.22007602E-02
    3.04793232E-02
    2.84027771E-02
    2.60818213E-02
    2.36207731E-02
    2.11100599E-02
    1.86250103E-02
    1.62262903E-02
    1.39610414E-02
    1.18640065E-02
    9.95855579E-03
    8.25771218E-03
    6.76531457E-03
    5.47738981E-03
    4.38370977E-03
    3.46943789E-03
    2.71674104E-03
    2.10625174E-03
    1.61829926E-03
    1.23386887E-03
    9.35285018E-04
    7.06641501E-04
    5.34017915E-04
    4.05528516E-04
    3.11249287E-04
    2.43064342E-04
    1.94465739E-04
    1.60333104E-04
    1.36712173E-04
    1.20605234E-04
    1.09781444E-04
    1.02611251E-04
    9.79263661E-05
    9.49047550E-05
    9.29787451E-05
    9.17633116E-05
    9.10012352E-05
    9.05217664E-05
    9.02106392E-05
    9.00143059E-05
    8.99055114E-05
    8.98484659E-05
    8.98189497E-05
    8.98040504E-05
    8.97971625E-05
    8.97945943E-05
    8.97941187E-05
    8.97947295E-05
    8.97981545E-05
    8.98066084E-05
    8.98230010E-05
    8.98516584E-05
    8.98996568E-05
    8.88657972E-05
    8.89848806E-05
    8.91786810E-05
    8.94936371E-05
    9.00048747E-05
    9.08058511E-05
    9.20370759E-05
    9.39881867E-05
    9.69997275E-05
    1.01594049E-04
    1.08528354E-04
    1.18879534E-04
    1.34153577E-04
    1.56421170E-04
    1.88479866E-04
    2.34040941E-04
    2.97934499E-04
    3.86321341E-04
    5.06893318E-04
    6.69036518E-04
    8.83924304E-04
    1.16450085E-03
    1.52531272E-03
    1.98214859E-03
    2.55145767E-03
    3.24953676E-03
    4.09150220E-03
    5.09008997E-03
    6.25434436E-03
    7.58825272E-03
    9.08935739E-03
    1.07473395E-02
    1.25425541E-02
    1.44445490E-02
    1.64107590E-02
    1.83858304E-02
    2.03023290E-02
    2.20837885E-02
    2.36510271E-02
    2.49322845E-02
    2.58770575E-02
    2.64725775E-02
    2.67608966E-02
    2.68337623E-02
    2.67726174E-02
    2.64150286E-02
    2.56599297E-02
    2.45169762E-02
    2.30494630E-02
    2.13421372E-02
    1.94803512E-02
    1.75411935E-02
    1.55901076E-02
    1.36807678E-02
    1.18557555E-02
    1.01474947E-02
    8.57910312E-03
    7.16518099E-03
    5.91264539E-03
    4.82170242E-03
    3.88698353E-03
    3.09879993E-03
    2.44442658E-03
    1.90931834E-03
    1.47817809E-03
    1.13582668E-03
    8.67855961E-04
    6.61071961E-04
    5.03752909E-04
    3.85755928E-04
    2.98508922E-04
    2.34922186E-04
    1.89249558E-04
    1.56923100E-04
    1.34379279E-04
    1.18889359E-04
    1.08402271E-04
    1.01404761E-04
    9.68011165E-05
    9.38127839E-05
    9.18969208E-05
    9.06819478E-05
    8.99176081E-05
    8.94375007E-05
    8.91322784E-05
    8.89413406E-05
    8.88198365E-05
    8.87544720E-05
    8.87222494E-05
    8.87059552E-05
    8.86979798E-05
    8.86945728E-05
    8.86935162E-05
    8.86934856E-05
    8.86946338E-05
    8.86985430E-05
    8.87069605E-05
    8.87224276E-05
    8.87489184E-05
    8.87930535E-05
    8.77086965E-05
    8.78173258E-05
    8.79916682E-05
    8.82693374E-05
    8.87064521E-05
    8.94107671E-05
    9.05445741E-05
    9.23186660E-05
    9.50414362E-05
    9.91804747E-05
    1.05408024E-04
    1.14673605E-04
    1.28296852E-04
    1.48081193E-04
    1.76447614E-04
    2.16586117E-04
    2.72618349E-04
    3.49760622E-04
    4.54470935E-04
    5.94557567E-04
    7.79221515E-04
    1.01900072E-03
    1.32558323E-03
    1.71146073E-03
    2.18940497E-03
    2.77176755E-03
    3.46962472E-03
    4.29180796E-03
    5.24386788E-03
    6.32700829E-03
    7.53700062E-03
    8.86306379E-03
    1.02867021E-02
    1.17805702E-02
    1.33075989E-02
    1.48208406E-02
    1.62647110E-02
    1.75783798E-02
    1.87019275E-02
    1.95854433E-02
    2.02007097E-02
    2.05543732E-02
    2.06972028E-02
    2.07117784E-02
    2.05887080E-02
    2.01868070E-02
    1.94734791E-02
    1.84773587E-02
    1.72571778E-02
    1.58802187E-02
    1.44103817E-02
    1.29036050E-02
    1.14065584E-02
    9.95696070E-03
    8.58424755E-03
    7.31029108E-03
    6.15003509E-03
    5.11211036E-03
    4.19951818E-03
    3.41043664E-03
    2.73914484E-03
    2.17701238E-03
    1.71347906E-03
    1.33695310E-03
    1.03557464E-03
    7.97816648E-04
    6.12917832E-04
    4.71160131E-04
    3.64013564E-04
    2.84176273E-04
    2.25537740E-04
    1.83090518E-04
    1.52811695E-04
    1.31530533E-04
    1.16794376E-04
    1.06741020E-04
    9.99826882E-05
    9.55044076E-05
    9.25777710E-05
    9.06898457E-05
    8.94860821E-05
    8.87255190E-05
    8.82470638E-05
    8.79452323E-05
    8.77561510E-05
    8.76483325E-05
    8.76005023E-05
    8.75764681E-05
    8.75609747E-05
    8.75518402E-05
    8.75473386E-05
    8.75455824E-05
    8.75451514E-05
    8.75452506E-05
    8.75468326E-05
    8.75510351E-05
    8.75594474E-05
    8.75744129E-05
    8.75996608E-05
    8.76412303E-05
    8.63415633E-05
    8.64411662E-05
    8.66022313E-05
    8.68605314E-05
    8.72717232E-05
    8.79231098E-05
    8.89527124E-05
    9.05439397E-05
    9.29809344E-05
    9.66757278E-05
    1.02218101E-04
    1.10436113E-04
    1.22474254E-04
    1.39887060E-04
    1.64747779E-04
    1.99769205E-04
    2.48430355E-04
    3.15098992E-04
    4.05135679E-04
    5.24960157E-04
    6.82057171E-04
    8.84896346E-04
    1.14274150E-03
    1.46533021E-03
    1.86241535E-03
    2.34317570E-03
    2.91551923E-03
    3.58531386E-03
    4.35558017E-03
    5.22566554E-03
    6.19039663E-03
    7.23919531E-03
    8.35517003E-03
    9.51428394E-03
    1.06848555E-02
    1.18278276E-02
    1.28983707E-02
    1.38493699E-02
    1.46371433E-02
    1.52293043E-02
    1.56143875E-02
    1.58115402E-02
    1.58715718E-02
    1.58517050E-02
    1.56770736E-02
    1.52687380E-02
    1.46265589E-02
    1.37845477E-02
    1.27923770E-02
    1.17014252E-02
    1.05584233E-02
    9.40330506E-03
    8.26888224E-03
    7.18128561E-03
    6.16052643E-03
    5.22102908E-03
    4.37210607E-03
    3.61844482E-03
    2.96066892E-03
    2.39599763E-03
    1.91898285E-03
    1.52227275E-03
    1.19734334E-03
    9.35147573E-04
    7.26649296E-04
    5.63228344E-04
    4.36959311E-04
    3.40777681E-04
    2.68553146E-04
    2.15091884E-04
    1.76088684E-04
    1.48047127E-04
    1.28182493E-04
    1.14318560E-04
    1.04786173E-04
    9.83287858E-05
    9.40180768E-05
    9.11810632E-05
    8.93390284E-05
    8.81577405E-05
    8.74079756E-05
    8.69353444E-05
    8.66381203E-05
    8.64520637E-05
    8.63388634E-05
    8.62707304E-05
    8.62322173E-05
    8.62117573E-05
    8.62017712E-05
    8.61972137E-05
    8.61953160E-05
    8.61947199E-05
    8.61946734E-05
    8.61951779E-05
    8.61970302E-05
    8.62010813E-05
    8.62086299E-05
    8.62217293E-05
    8.62438154E-05
    8.62806539E-05
    8.48934130E-05
    8.49828327E-05
    8.51279246E-05
    8.53606666E-05
    8.57310028E-05
    8.63159406E-05
    8.72332625E-05
    8.86476018E-05
    9.08095910E-05
    9.40780451E-05
    9.89650105E-05
    1.06185464E-04
    1.16721770E-04
    1.31899839E-04
    1.53476158E-04
    1.83732622E-04
    2.25573271E-04
    2.82613933E-04
    3.59252470E-04
    4.60703575E-04
    5.92979624E-04
    7.62798042E-04
    9.77397497E-04
    1.24425120E-03
    1.57067553E-03
    1.96334492E-03
    2.42773538E-03
    2.96752421E-03
    3.58396808E-03
    4.27526627E-03
    5.03589951E-03
    5.85593651E-03
    6.72034062E-03
    7.60840166E-03
    8.49355146E-03
    9.34395038E-03
    1.01242877E-02
    1.07991576E-02
    1.13381526E-02
    1.17224145E-02
    1.19523209E-02
    1.20531526E-02
    1.20716383E-02
    1.20198413E-02
    1.18162281E-02
    1.14294819E-02
    1.08733036E-02
    1.01801851E-02
    9.38955287E-03
    8.53944731E-03
    7.66337078E-03
    6.78940332E-03
    5.94029093E-03
    5.13386564E-03
    4.38347908E-03
    3.69838973E-03
    3.08412206E-03
    2.54285616E-03
    2.07388598E-03
    1.67414971E-03
    1.33880504E-03
    1.06180565E-03
    8.36435753E-04
    6.55769056E-04
    5.13033721E-04
    4.01878493E-04
    3.16546177E-04
    2.51967389E-04
    2.03790723E-04
    1.68365886E-04
    1.42694992E-04
    1.24364739E-04
    1.11469480E-04
    1.02532569E-04
    9.64310201E-05
    9.23266997E-05
    8.96057754E-05
    8.78271128E-05
    8.66795740E-05
    8.59477160E-05
    8.54851206E-05
    8.51945461E-05
    8.50133820E-05
    8.49028475E-05
    8.48379853E-05
    8.47996877E-05
    8.47793586E-05
    8.47694056E-05
    8.47646338E-05
    8.47624111E-05
    8.47615267E-05
    8.47613055E-05
    8.47613833E-05
    8.47620997E-05
    8.47640126E-05
    8.47678485E-05
    8.47747371E-05
    8.47865018E-05
    8.48062061E-05
    8.48390140E-05
    8.32995937E-05
    8.33788355E-05
    8.35076145E-05
    8.37145019E-05
    8.40438735E-05
    8.45632365E-05
    8.53729907E-05
    8.66197201E-05
    8.85199293E-05
    9.13841577E-05
    9.56522880E-05
    1.01935219E-04
    1.11067240E-04
    1.24167101E-04
    1.42706670E-04
    1.68584045E-04
    2.04195839E-04
    2.52500669E-04
    3.17063525E-04
    4.02067895E-04
    5.12281012E-04
    6.52957694E-04
    8.29670767E-04
    1.04806194E-03
    1.31351568E-03
    1.63076843E-03
    2.00347232E-03
    2.43373368E-03
    2.92163802E-03
    3.46476012E-03
    4.05764933E-03
    4.69129217E-03
    5.35260324E-03
    6.02408181E-03
    6.68387786E-03
    7.30659041E-03
    7.86512106E-03
    8.33379328E-03
    8.69272956E-03
    8.93308591E-03
    9.06267397E-03
    9.10701503E-03
    9.10540212E-03
    9.02513470E-03
    8.81462636E-03
    8.46720929E-03
    8.00098800E-03
    7.44370863E-03
    6.82528019E-03
    6.17318068E-03
    5.51101245E-03
    4.85823591E-03
    4.23039439E-03
    3.63945959E-03
    3.09414996E-03
    2.60021124E-03
    2.16069242E-03
    1.77625915E-03
    1.44556364E-03
    1.16566292E-03
    9.32458013E-04
    7.41119812E-04
    5.86471058E-04
    4.63303806E-04
    3.66622950E-04
    2.91816146E-04
    2.34757381E-04
    1.91855375E-04
    1.60059370E-04
    1.36834575E-04
    1.20117954E-04
    1.08263142E-04
    9.99811481E-05
    9.42816004E-05
    9.04177355E-05
    8.78369774E-05
    8.61380792E-05
    8.50351059E-05
    8.43280830E-05
    8.38798254E-05
    8.35982501E-05
    8.34231611E-05
    8.33163998E-05
    8.32538522E-05
    8.32187985E-05
    8.31992968E-05
    8.31895751E-05
    8.31848845E-05
    8.31825947E-05
    8.31815702E-05
    8.31812241E-05
    8.31811857E-05
    8.31813758E-05
    8.31822046E-05
    8.31840885E-05
    8.31876637E-05
    8.31939284E-05
    8.32045149E-05
    8.32221425E-05
    8.32513476E-05
    8.15401726E-05
    8.16099966E-05
    8.17233614E-05
    8.19056041E-05
    8.21955582E-05
    8.26516160E-05
    8.33601301E-05
    8.44489381E-05
    8.61032416E-05
    8.85891151E-05
    9.22804540E-05
    9.76936842E-05
    1.05529674E-04
    1.16722008E-04
    1.32490281E-04
    1.54395409E-04
    1.84392292E-04
    2.24873016E-04
    2.78692021E-04
    3.49162800E-04
    4.40014831E-04
    5.55300360E-04
    6.99243491E-04
    8.76029450E-04
    1.08953906E-03
    1.34304027E-03
    1.63885218E-03
    1.97799443E-03
    2.35982653E-03
    2.78167134E-03
    3.23841631E-03
    3.72210585E-03
    4.22158888E-03
    4.72236051E-03
    5.20681326E-03
    5.65515060E-03
    6.04717767E-03
    6.36505224E-03
    6.59686596E-03
    6.74067034E-03
    6.80847533E-03
    6.82441470E-03
    6.80652317E-03
    6.70836567E-03
    6.50775289E-03
    6.20862284E-03
    5.82869581E-03
    5.39005501E-03
    4.91463760E-03
    4.42188371E-03
    3.92815676E-03
    3.44675198E-03
    2.98813276E-03
    2.56019209E-03
    2.16847987E-03
    1.81640798E-03
    1.50546542E-03
    1.23546981E-03
    1.00486124E-03
    8.11025187E-04
    6.50620464E-04
    5.19886857E-04
    4.14912183E-04
    3.31846894E-04
    2.67062488E-04
    2.17256525E-04
    1.79511229E-04
    1.51314730E-04
    1.30554459E-04
    1.15491399E-04
    1.04722681E-04
    9.71383718E-05
    9.18768143E-05
    8.82815619E-05
    8.58618031E-05
    8.42573950E-05
    8.32089992E-05
    8.25333701E-05
    8.21035206E-05
    8.18332607E-05
    8.16654764E-05
    8.15632637E-05
    8.15031621E-05
    8.14697212E-05
    8.14520009E-05
    8.14428652E-05
    8.14384415E-05
    8.14361908E-05
    8.14350630E-05
    8.14345951E-05
    8.14344769E-05
    8.14344994E-05
    8.14347834E-05
    8.14356480E-05
    8.14374350E-05
    8.14407012E-05
    8.14463354E-05
    8.14558042E-05
    8.14715305E-05
    8.14974936E-05
    7.95989130E-05
    7.96600931E-05
    7.97591774E-05
    7.99183338E-05
    8.01711563E-05
    8.05677460E-05
    8.11822072E-05
    8.21238208E-05
    8.35500663E-05
    8.56862858E-05
    8.88468911E-05
    9.34637055E-05
    1.00119000E-04
    1.09583095E-04
    1.22855027E-04
    1.41203511E-04
    1.66204207E-04
    1.99767588E-04
    2.44150397E-04
    3.01942634E-04
    3.76021604E-04
    4.69465958E-04
    5.85425540E-04
    7.26947572E-04
    8.96765197E-04
    1.09705875E-03
    1.32920095E-03
    1.59349320E-03
    1.88889244E-03
    2.21272232E-03
    2.56036740E-03
    2.92497405E-03
    3.29722877E-03
    3.66534487E-03
    4.01543660E-03
    4.33246449E-03
    4.60187431E-03
    4.81191871E-03
    4.95648624E-03
    5.03812470E-03
    5.07004445E-03
    5.07247683E-03
    5.03968509E-03
    4.93598595E-03
    4.75582212E-03
    4.50713001E-03
    4.20513917E-03
    3.86654332E-03
    3.50699966E-03
    3.14001138E-03
    2.77675285E-03
    2.42617729E-03
    2.09521621E-03
    1.78896745E-03
    1.51085564E-03
    1.26278459E-03
    1.04530641E-03
    8.57821643E-04
    6.98808177E-04
    5.66065138E-04
    4.56952356E-04
    3.68607693E-04
    2.98129628E-04
    2.42718915E-04
    1.99778796E-04
    1.66977438E-04
    1.42278624E-04
    1.23947744E-04
    1.10539956E-04
    1.00876667E-04
    9.40153677E-05
    8.92166751E-05
    8.59114052E-05
    8.36695195E-05
    8.21721266E-05
    8.11871503E-05
    8.05488637E-05
    8.01411830E-05
    7.98844216E-05
    7.97250761E-05
    7.96280646E-05
    7.95708463E-05
    7.95387964E-05
    7.95219618E-05
    7.95135185E-05
    7.95093492E-05
    7.95072131E-05
    7.95060665E-05
    7.95055278E-05
    7.95053410E-05
    7.95053175E-05
    7.95053870E-05
    7.95057346E-05
    7.95065833E-05
    7.95082288E-05
    7.95111552E-05
    7.95161510E-05
    7.95245258E-05
    7.95384317E-05
    7.95613587E-05
    7.74621227E-05
    7.75153419E-05
    7.76012803E-05
    7.77390361E-05
    7.79573730E-05
    7.82989404E-05
    7.88266955E-05
    7.96328781E-05
    8.08502886E-05
    8.26674452E-05
    8.53459196E-05
    8.92427731E-05
    9.48362798E-05
    1.02754762E-04
    1.13807044E-04
    1.29012092E-04
    1.49624457E-04
    1.77150894E-04
    2.13352507E-04
    2.60226378E-04
    3.19960559E-04
    3.94857902E-04
    4.87226957E-04
    5.99242011E-04
    7.32778244E-04
    8.89230316E-04
    1.06932171E-03
    1.27290767E-03
    1.49876867E-03
    1.74438969E-03
    2.00573000E-03
    2.27701429E-03
    2.55061687E-03
    2.81715437E-03
    3.06592645E-03
    3.28582549E-03
    3.46676565E-03
    3.60156523E-03
    3.68813117E-03
    3.73160482E-03
    3.74439571E-03
    3.73882660E-03
    3.69533738E-03
    3.59568157E-03
    3.44127262E-03
    3.24065204E-03
    3.00592798E-03
    2.74925365E-03
    2.48155590E-03
    2.21205830E-03
    1.94828032E-03
    1.69616192E-03
    1.46021483E-03
    1.24365344E-03
    1.04850855E-03
    8.75742555E-04
    7.25382609E-04
    5.96677459E-04
    4.88272207E-04
    3.98388323E-04
    3.24994620E-04
    2.65957401E-04
    2.19162460E-04
    1.82606254E-04
    1.54457357E-04
    1.33091803E-04
    1.17107224E-04
    1.05320978E-04
    9.67571893E-05
    9.06268568E-05
    8.63044050E-05
    8.33031638E-05
    8.12515435E-05
    7.98710547E-05
    7.89568405E-05
    7.83610125E-05
    7.79788205E-05
    7.77375178E-05
    7.75876585E-05
    7.74964233E-05
    7.74424902E-05
    7.74120638E-05
    7.73959630E-05
    7.73879416E-05
    7.73840252E-05
    7.73820449E-05
    7.73809554E-05
    7.73803959E-05
    7.73801710E-05
    7.73801167E-05
    7.73801284E-05
    7.73802435E-05
    7.73806162E-05
    7.73814128E-05
    7.73828899E-05
    7.73854658E-05
    7.73898344E-05
    7.73971507E-05
    7.74093070E-05
    7.74293503E-05
    7.51168968E-05
    7.51627786E-05
    7.52366783E-05
    7.53548189E-05
    7.55415542E-05
    7.58328357E-05
    7.62815407E-05
    7.69647867E-05
    7.79933017E-05
    7.95229918E-05
    8.17690713E-05
    8.50234170E-05
    8.96743485E-05
    9.62283670E-05
    1.05332502E-04
    1.17795192E-04
    1.34602887E-04
    1.56928685E-04
    1.86128607E-04
    2.23721017E-04
    2.71345067E-04
    3.30695455E-04
    4.03433358E-04
    4.91076294E-04
    5.94872213E-04
    7.15663906E-04
    8.53747870E-04
    1.00872760E-03
    1.17935764E-03
    1.36337638E-03
    1.55733757E-03
    1.75647536E-03
    1.95467027E-03
    2.14461163E-03
    2.31825727E-03
    2.46765912E-03
    2.58615816E-03
    2.66986062E-03
    2.71928023E-03
    2.74052772E-03
    2.74420671E-03
    2.73159945E-03
    2.68380939E-03
    2.59424551E-03
    2.46683346E-03
    2.30920962E-03
    2.13046719E-03
    1.93918807E-03
    1.74285019E-03
    1.54765587E-03
    1.35859162E-03
    1.17953650E-03
    1.01336971E-03
    8.62060394E-04
    7.26749309E-04
    6.07837051E-04
    5.05088247E-04
    4.17752269E-04
    3.44693680E-04
    2.84522125E-04
    2.35711680E-04
    1.96702263E-04
    1.65979237E-04
    1.42130523E-04
    1.23882932E-04
    1.10120873E-04
    9.98911837E-05
    9.23978448E-05
    8.69899582E-05
    8.31458018E-05
    8.04551416E-05
    7.86014002E-05
    7.73447633E-05
    7.65068966E-05
    7.59576195E-05
    7.56036644E-05
    7.53795002E-05
    7.52400590E-05
    7.51550812E-05
    7.51047236E-05
    7.50761289E-05
    7.50608513E-05
    7.50532120E-05
    7.50495229E-05
    7.50476881E-05
    7.50467106E-05
    7.50461818E-05
    7.50459490E-05
    7.50458787E-05
    7.50458736E-05
    7.50459103E-05
    7.50460543E-05
    7.50464211E-05
    7.50471434E-05
    7.50484412E-05
    7.50506749E-05
    7.50544481E-05
    7.50607655E-05
    7.50712685E-05
    7.50885910E-05
    7.25515215E-05
    7.25906841E-05
    7.26536315E-05
    7.27539734E-05
    7.29120802E-05
    7.31579326E-05
    7.35354700E-05
    7.41085351E-05
    7.49683087E-05
    7.62422957E-05
    7.81055414E-05
    8.07938617E-05
    8.46188310E-05
    8.99838682E-05
    9.74002738E-05
    1.07501487E-04
    1.21053260E-04
    1.38956884E-04
    1.62242144E-04
    1.92046744E-04
    2.29579614E-04
    2.76066713E-04
    3.32680106E-04
    4.00453199E-04
    4.80186398E-04
    5.72347224E-04
    6.76966628E-04
    7.93529991E-04
    9.20859732E-04
    1.05699058E-03
    1.19905141E-03
    1.34318905E-03
    1.48459328E-03
    1.61769714E-03
    1.73661905E-03
    1.83587829E-03
    1.91136109E-03
    1.96143379E-03
    1.98807359E-03
    1.99704334E-03
    1.99637944E-03
    1.97825704E-03
    1.93147029E-03
    1.85499990E-03
    1.75321000E-03
    1.63226510E-03
    1.49871329E-03
    1.35846701E-03
    1.21655482E-03
    1.07708483E-03
    9.43314723E-04
    8.17734634E-04
    7.02140656E-04
    5.97696325E-04
    5.04992377E-04
    4.24114688E-04
    3.54724771E-04
    2.96150799E-04
    2.47482760E-04
    2.07664075E-04
    1.75573026E-04
    1.50089702E-04
    1.30146648E-04
    1.14763591E-04
    1.03067970E-04
    9.43038253E-05
    8.78318121E-05
    8.31229701E-05
    7.97485472E-05
    7.73677232E-05
    7.57146373E-05
    7.45857014E-05
    7.38278411E-05
    7.33280426E-05
    7.30043971E-05
    7.27986869E-05
    7.26704212E-05
    7.25921185E-05
    7.25455901E-05
    7.25190094E-05
    7.25046686E-05
    7.24974496E-05
    7.24939980E-05
    7.24923282E-05
    7.24914628E-05
    7.24910016E-05
    7.24907838E-05
    7.24907113E-05
    7.24907009E-05
    7.24907139E-05
    7.24907681E-05
    7.24909222E-05
    7.24912627E-05
    7.24918998E-05
    7.24930201E-05
    7.24949327E-05
    7.24981572E-05
    7.25035558E-05
    7.25125324E-05
    7.25273372E-05
    6.97556125E-05
    6.97886926E-05
    6.98417683E-05
    6.99261262E-05
    7.00586010E-05
    7.02639238E-05
    7.05782245E-05
    7.10537615E-05
    7.17647024E-05
    7.28141490E-05
    7.43427929E-05
    7.65388968E-05
    7.96494563E-05
    8.39918658E-05
    8.99651446E-05
    9.80593042E-05
    1.08861006E-04
    1.23053338E-04
    1.41407264E-04
    1.64762492E-04
    1.93996235E-04
    2.29979445E-04
    2.73521674E-04
    3.25307207E-04
    3.85825612E-04
    4.55299025E-04
    5.33606350E-04
    6.20202362E-04
    7.14029972E-04
    8.13429439E-04
    9.16060596E-04
    1.01887135E-03
    1.11816135E-03
    1.20979434E-03
    1.28959822E-03
    1.35395860E-03
    1.40056471E-03
    1.42921272E-03
    1.44255355E-03
    1.44565709E-03
    1.44167863E-03
    1.42082344E-03
    1.37850726E-03
    1.31587154E-03
    1.23681532E-03
    1.14599347E-03
    1.04797133E-03
    9.46737454E-04
    8.45618467E-04
    7.47295047E-04
    6.53862384E-04
    5.66888880E-04
    4.87465217E-04
    4.16246941E-04
    3.53498889E-04
    2.99147365E-04
    2.52841286E-04
    2.14019303E-04
    1.81977628E-04
    1.55933180E-04
    1.35077895E-04
    1.18621866E-04
    1.05824739E-04
    9.60160914E-05
    8.86063428E-05
    8.30901455E-05
    7.90442313E-05
    7.61215227E-05
    7.40430280E-05
    7.25887154E-05
    7.15882275E-05
    7.09120315E-05
    7.04633920E-05
    7.01713844E-05
    6.99850261E-05
    6.98684743E-05
    6.97971537E-05
    6.97546511E-05
    6.97302369E-05
    6.97169421E-05
    6.97101902E-05
    6.97069813E-05
    6.97054830E-05
    6.97047414E-05
    6.97043542E-05
    6.97041678E-05
    6.97041012E-05
    6.97040901E-05
    6.97040968E-05
    6.97041193E-05
    6.97041811E-05
    6.97043313E-05
    6.97046350E-05
    6.97051845E-05
    6.97061374E-05
    6.97077571E-05
    6.97104860E-05
    6.97150547E-05
    6.97226493E-05
    6.97351691E-05
    6.67205059E-05
    6.67481538E-05
    6.67924319E-05
    6.68625978E-05
    6.69724063E-05
    6.71420347E-05
    6.74008604E-05
    6.77911441E-05
    6.83724948E-05
    6.92273032E-05
    7.04672812E-05
    7.22409088E-05
    7.47415870E-05
    7.82159181E-05
    8.29713402E-05
    8.93819792E-05
    9.78912680E-05
    1.09009708E-04
    1.23306058E-04
    1.41390445E-04
    1.63888622E-04
    1.91407527E-04
    2.24493413E-04
    2.63584679E-04
    3.08961537E-04
    3.60693555E-04
    4.18584370E-04
    4.82111801E-04
    5.50363124E-04
    6.21971339E-04
    6.95068956E-04
    7.67288472E-04
    8.35847405E-04
    8.97753470E-04
    9.50148624E-04
    9.90781414E-04
    1.01856088E-03
    1.03411493E-03
    1.04013139E-03
    1.04057240E-03
    1.03387796E-03
    1.01301175E-03
    9.76908472E-04
    9.27354551E-04
    8.67477794E-04
    8.00622104E-04
    7.29886733E-04
    6.57912289E-04
    5.86865454E-04
    5.18469269E-04
    4.54048838E-04
    3.94570894E-04
    3.40676297E-04
    2.92710072E-04
    2.50754764E-04
    2.14670116E-04
    1.84138592E-04
    1.58713734E-04
    1.37867398E-04
    1.21032282E-04
    1.07637311E-04
    9.71347608E-05
    8.90191388E-05
    8.28386391E-05
    7.82004223E-05
    7.47711577E-05
    7.22741964E-05
    7.04845823E-05
    6.92228940E-05
    6.83486468E-05
    6.77537989E-05
    6.73567299E-05
    6.70969114E-05
    6.69303544E-05
    6.68258113E-05
    6.67616489E-05
    6.67232909E-05
    6.67011483E-05
    6.66889915E-05
    6.66827588E-05
    6.66797991E-05
    6.66784602E-05
    6.66778387E-05
    6.66775294E-05
    6.66773804E-05
    6.66773247E-05
    6.66773152E-05
    6.66773202E-05
    6.66773325E-05
    6.66773581E-05
    6.66774207E-05
    6.66775586E-05
    6.66778215E-05
    6.66782870E-05
    6.66790873E-05
    6.66804451E-05
    6.66827326E-05
    6.66865621E-05
    6.66929242E-05
    6.67034044E-05
    6.34396017E-05
    6.34624632E-05
    6.34989992E-05
    6.35567198E-05
    6.36467399E-05
    6.37853341E-05
    6.39961064E-05
    6.43128136E-05
    6.47827888E-05
    6.54710676E-05
    6.64652573E-05
    6.78810114E-05
    6.98678676E-05
    7.26149862E-05
    7.63561675E-05
    8.13732513E-05
    8.79967979E-05
    9.66028604E-05
    1.07604685E-04
    1.21438419E-04
    1.38542507E-04
    1.59331257E-04
    1.84163751E-04
    2.13309653E-04
    2.46913214E-04
    2.84955643E-04
    3.27214848E-04
    3.73221341E-04
    4.22211483E-04
    4.73085042E-04
    5.24382658E-04
    5.74307249E-04
    6.20816709E-04
    6.61809090E-04
    6.95404956E-04
    7.20308139E-04
    7.36203686E-04
    7.44128933E-04
    7.46457048E-04
    7.45394041E-04
    7.37057026E-04
    7.18025444E-04
    6.88617923E-04
    6.50578091E-04
    6.06249272E-04
    5.57945736E-04
    5.07724817E-04
    4.57304766E-04
    4.08075378E-04
    3.61127012E-04
    3.17282458E-04
    2.77122777E-04
    2.41008963E-04
    2.09103534E-04
    1.81395620E-04
    1.57730675E-04
    1.37843612E-04
    1.21392842E-04
    1.07992393E-04
    9.72399000E-05
    8.87391043E-05
    8.21164530E-05
    7.70320679E-05
    7.31858263E-05
    7.03195264E-05
    6.82161352E-05
    6.66970448E-05
    6.56181341E-05
    6.48652508E-05
    6.43495856E-05
    6.40032739E-05
    6.37754247E-05
    6.36286604E-05
    6.35361647E-05
    6.34791975E-05
    6.34450219E-05
    6.34252011E-05
    6.34142406E-05
    6.34085714E-05
    6.34058727E-05
    6.34046809E-05
    6.34041643E-05
    6.34039272E-05
    6.34038171E-05
    6.34037757E-05
    6.34037687E-05
    6.34037738E-05
    6.34037824E-05
    6.34037949E-05
    6.34038207E-05
    6.34038799E-05
    6.34040012E-05
    6.34042237E-05
    6.34046121E-05
    6.34052769E-05
    6.34064041E-05
    6.34083033E-05
    6.34114820E-05
    6.34167590E-05
    6.34254435E-05
    5.99086869E-05
    5.99273857E-05
    5.99571971E-05
    6.00041449E-05
    6.00771111E-05
    6.01890665E-05
    6.03587432E-05
    6.06127726E-05
    6.09882748E-05
    6.15359405E-05
    6.23236064E-05
    6.34402123E-05
    6.49998958E-05
    6.71458656E-05
    7.00535602E-05
    7.39323980E-05
    7.90253133E-05
    8.56052279E-05
    9.39676995E-05
    1.04419245E-04
    1.17261310E-04
    1.32770449E-04
    1.51175723E-04
    1.72634344E-04
    1.97206187E-04
    2.24826900E-04
    2.55278626E-04
    2.88157902E-04
    3.22842898E-04
    3.58467342E-04
    3.93914781E-04
    4.27851776E-04
    4.58818260E-04
    4.85385555E-04
    5.06378545E-04
    5.21141219E-04
    5.29813178E-04
    5.33527673E-04
    5.34185297E-04
    5.31923560E-04
    5.23253203E-04
    5.07008589E-04
    4.83945755E-04
    4.55513148E-04
    4.23376596E-04
    3.89089465E-04
    3.53990639E-04
    3.19180097E-04
    2.85535801E-04
    2.53736439E-04
    2.24282475E-04
    1.97512771E-04
    1.73619259E-04
    1.52662693E-04
    1.34591389E-04
    1.19263038E-04
    1.06468273E-04
    9.59540529E-05
    8.74449950E-05
    8.06613557E-05
    7.53329773E-05
    7.12091449E-05
    6.80647040E-05
    6.57030502E-05
    6.39566844E-05
    6.26860176E-05
    6.17770390E-05
    6.11383695E-05
    6.06980850E-05
    6.04005987E-05
    6.02037752E-05
    6.00763524E-05
    5.99956868E-05
    5.99458096E-05
    5.99157734E-05
    5.98982735E-05
    5.98885331E-05
    5.98834538E-05
    5.98810256E-05
    5.98799727E-05
    5.98795454E-05
    5.98793704E-05
    5.98792956E-05
    5.98792696E-05
    5.98792661E-05
    5.98792717E-05
    5.98792789E-05
    5.98792866E-05
    5.98792981E-05
    5.98793227E-05
    5.98793760E-05
    5.98794793E-05
    5.98796641E-05
    5.98799842E-05
    5.98805308E-05
    5.98814576E-05
    5.98830194E-05
    5.98856318E-05
    5.98899648E-05
    5.98970879E-05
    5.61262368E-05
    5.61413610E-05
    5.61654075E-05
    5.62031521E-05
    5.62616099E-05
    5.63509925E-05
    5.64859779E-05
    5.66873112E-05
    5.69837312E-05
    5.74142371E-05
    5.80306769E-05
    5.89005520E-05
    6.01098283E-05
    6.17654781E-05
    6.39973522E-05
    6.69588759E-05
    7.08259873E-05
    7.57937370E-05
    8.20700779E-05
    8.98666219E-05
    9.93864890E-05
    1.10809793E-04
    1.24277520E-04
    1.39874439E-04
    1.57611192E-04
    1.77405094E-04
    1.99058955E-04
    2.22238100E-04
    2.46448430E-04
    2.71022447E-04
    2.95124504E-04
    3.17788697E-04
    3.38000419E-04
    3.54825155E-04
    3.67577238E-04
    3.76006991E-04
    3.80475674E-04
    3.81987748E-04
    3.81895368E-04
    3.78812999E-04
    3.70760478E-04
    3.57587306E-04
    3.40079609E-04
    3.19334435E-04
    2.96489375E-04
    2.72561099E-04
    2.48405320E-04
    2.24715153E-04
    2.02036618E-04
    1.80784673E-04
    1.61256618E-04
    1.43642774E-04
    1.28036634E-04
    1.14446424E-04
    1.02808902E-04
    9.30050309E-05
    8.48763290E-05
    7.82405464E-05
    7.29054997E-05
    6.86803319E-05
    6.53839295E-05
    6.28505870E-05
    6.09332559E-05
    5.95048307E-05
    5.84579596E-05
    5.77038465E-05
    5.71704462E-05
    5.68003866E-05
    5.65488350E-05
    5.63814536E-05
    5.62725183E-05
    5.62032250E-05
    5.61601946E-05
    5.61341757E-05
    5.61189477E-05
    5.61104211E-05
    5.61059406E-05
    5.61037878E-05
    5.61028649E-05
    5.61025146E-05
    5.61023900E-05
    5.61023464E-05
    5.61023341E-05
    5.61023348E-05
    5.61023413E-05
    5.61023478E-05
    5.61023534E-05
    5.61023595E-05
    5.61023699E-05
    5.61023923E-05
    5.61024384E-05
    5.61025243E-05
    5.61026756E-05
    5.61029364E-05
    5.61033815E-05
    5.61041364E-05
    5.61054080E-05
    5.61075336E-05
    5.61110549E-05
    5.61168364E-05
    5.20936946E-05
    5.21057868E-05
    5.21249550E-05
    5.21549391E-05
    5.22012133E-05
    5.22717151E-05
    5.23777967E-05
    5.25354070E-05
    5.27665023E-05
    5.31006877E-05
    5.35770600E-05
    5.42461557E-05
    5.51718396E-05
    5.64329126E-05
    5.81241318E-05
    6.03562747E-05
    6.32548435E-05
    6.69570295E-05
    7.16066698E-05
    7.73471392E-05
    8.43123721E-05
    9.26164669E-05
    1.02342397E-04
    1.13530155E-04
    1.26164225E-04
    1.40159905E-04
    1.55348109E-04
    1.71459358E-04
    1.88110005E-04
    2.04796773E-04
    2.20908312E-04
    2.35762770E-04
    2.48677156E-04
    2.59067751E-04
    2.66572225E-04
    2.71175109E-04
    2.73316326E-04
    2.73830707E-04
    2.73216904E-04
    2.69843872E-04
    2.62931938E-04
    2.52687765E-04
    2.39773282E-04
    2.24969620E-04
    2.09029214E-04
    1.92603072E-04
    1.76228837E-04
    1.60336439E-04
    1.45259937E-04
    1.31248070E-04
    1.18472612E-04
    1.07035307E-04
    9.69750204E-05
    8.82761935E-05
    8.08788228E-05
    7.46894381E-05
    6.95921745E-05
    6.54590256E-05
    6.21585912E-05
    5.95629551E-05
    5.75526196E-05
    5.60196413E-05
    5.48692394E-05
    5.40202093E-05
    5.34044824E-05
    5.29661397E-05
    5.26601285E-05
    5.24508625E-05
    5.23108145E-05
    5.22191705E-05
    5.21605808E-05
    5.21240290E-05
    5.21018320E-05
    5.20887821E-05
    5.20814348E-05
    5.20775471E-05
    5.20756687E-05
    5.20748697E-05
    5.20745830E-05
    5.20744994E-05
    5.20744811E-05
    5.20744804E-05
    5.20744863E-05
    5.20744933E-05
    5.20744994E-05
    5.20745040E-05
    5.20745078E-05
    5.20745127E-05
    5.20745220E-05
    5.20745417E-05
    5.20745804E-05
    5.20746504E-05
    5.20747727E-05
    5.20749831E-05
    5.20753420E-05
    5.20759508E-05
    5.20769758E-05
    5.20786873E-05
    5.20815189E-05
    5.20861608E-05
    4.78157337E-05
    4.78252854E-05
    4.78403772E-05
    4.78639011E-05
    4.79000741E-05
    4.79549846E-05
    4.80372940E-05
    4.81590966E-05
    4.83369363E-05
    4.85929758E-05
    4.89562839E-05
    4.94641606E-05
    5.01633740E-05
    5.11111326E-05
    5.23755662E-05
    5.40354509E-05
    5.61789060E-05
    5.89008281E-05
    6.22989342E-05
    6.64684424E-05
    7.14956010E-05
    7.74504013E-05
    8.43788015E-05
    9.22945705E-05
    1.01170548E-04
    1.10928936E-04
    1.21430552E-04
    1.32464103E-04
    1.43738360E-04
    1.54882272E-04
    1.65459290E-04
    1.75001436E-04
    1.83065321E-04
    1.89307119E-04
    1.93567282E-04
    1.95951806E-04
    1.96880013E-04
    1.96965982E-04
    1.95970014E-04
    1.92762649E-04
    1.87168347E-04
    1.79479246E-04
    1.70197016E-04
    1.59851798E-04
    1.48927821E-04
    1.37833726E-04
    1.26901753E-04
    1.16394336E-04
    1.06512282E-04
    9.74013939E-05
    8.91576248E-05
    8.18316730E-05
    7.54340731E-05
    6.99413019E-05
    6.53028318E-05
    6.14486339E-05
    5.82964834E-05
    5.57584993E-05
    5.37465396E-05
    5.21762891E-05
    5.09700618E-05
    5.00584599E-05
    4.93811039E-05
    4.88866699E-05
    4.85324560E-05
    4.82836596E-05
    4.81125024E-05
    4.79972917E-05
    4.79214787E-05
    4.78727542E-05
    4.78422085E-05
    4.78235749E-05
    4.78125706E-05
    4.78063431E-05
    4.78030276E-05
    4.78014167E-05
    4.78007356E-05
    4.78005027E-05
    4.78004515E-05
    4.78004505E-05
    4.78004619E-05
    4.78004718E-05
    4.78004796E-05
    4.78004853E-05
    4.78004892E-05
    4.78004920E-05
    4.78004947E-05
    4.78004987E-05
    4.78005068E-05
    4.78005235E-05
    4.78005551E-05
    4.78006114E-05
    4.78007091E-05
    4.78008770E-05
    4.78011636E-05
    4.78016495E-05
    4.78024670E-05
    4.78038302E-05
    4.78060818E-05
    4.78097664E-05
    4.33005389E-05
    4.33079861E-05
    4.33197120E-05
    4.33379225E-05
    4.33658214E-05
    4.34080127E-05
    4.34710091E-05
    4.35638482E-05
    4.36988130E-05
    4.38922490E-05
    4.41654449E-05
    4.45455137E-05
    4.50661775E-05
    4.57683224E-05
    4.67001571E-05
    4.79167915E-05
    4.94790559E-05
    5.14514276E-05
    5.38990198E-05
    5.68837076E-05
    6.04595741E-05
    6.46679068E-05
    6.95319183E-05
    7.50511721E-05
    8.11954944E-05
    8.78981366E-05
    9.50483597E-05
    1.02484613E-04
    1.09990876E-04
    1.17300016E-04
    1.24108415E-04
    1.30104809E-04
    1.35013402E-04
    1.38647554E-04
    1.40966341E-04
    1.42125260E-04
    1.42473260E-04
    1.42339379E-04
    1.41154626E-04
    1.38378838E-04
    1.34061561E-04
    1.28469998E-04
    1.21959060E-04
    1.14875251E-04
    1.07522746E-04
    1.00153210E-04
    9.29685268E-05
    8.61261819E-05
    7.97445370E-05
    7.39068473E-05
    6.86644536E-05
    6.40398861E-05
    6.00304839E-05
    5.66127280E-05
    5.37471015E-05
    5.13830825E-05
    4.94638385E-05
    4.79302902E-05
    4.67243510E-05
    4.57912902E-05
    4.50812774E-05
    4.45502332E-05
    4.41601382E-05
    4.38789487E-05
    4.36802495E-05
    4.35427418E-05
    4.34496386E-05
    4.33880233E-05
    4.33482075E-05
    4.33231191E-05
    4.33077421E-05
    4.32986194E-05
    4.32934317E-05
    4.32906546E-05
    4.32892985E-05
    4.32887280E-05
    4.32885426E-05
    4.32885126E-05
    4.32885267E-05
    4.32885467E-05
    4.32885607E-05
    4.32885692E-05
    4.32885747E-05
    4.32885782E-05
    4.32885804E-05
    4.32885821E-05
    4.32885840E-05
    4.32885874E-05
    4.32885943E-05
    4.32886080E-05
    4.32886333E-05
    4.32886779E-05
    4.32887550E-05
    4.32888876E-05
    4.32891139E-05
    4.32894974E-05
    4.32901418E-05
    4.32912147E-05
    4.32929836E-05
    4.32958723E-05
    3.85603814E-05
    3.85661015E-05
    3.85750752E-05
    3.85889588E-05
    3.86101480E-05
    3.86420680E-05
    3.86895356E-05
    3.87591927E-05
    3.88600073E-05
    3.90038320E-05
    3.92059924E-05
    3.94858573E-05
    3.98673172E-05
    4.03790739E-05
    4.10546239E-05
    4.19318078E-05
    4.30518160E-05
    4.44575793E-05
    4.61915486E-05
    4.82929482E-05
    5.07946470E-05
    5.37197906E-05
    5.70782642E-05
    6.08629045E-05
    6.50452803E-05
    6.95709456E-05
    7.43544985E-05
    7.92755819E-05
    8.41779364E-05
    8.88742866E-05
    9.31596725E-05
    9.68344732E-05
    9.97360975E-05
    1.01775917E-04
    1.02975396E-04
    1.03493366E-04
    1.03592528E-04
    1.03305849E-04
    1.02133339E-04
    9.98931160E-05
    9.66957741E-05
    9.27497454E-05
    8.82926963E-05
    8.35436868E-05
    7.86893748E-05
    7.38817382E-05
    6.92412199E-05
    6.48605198E-05
    6.08078112E-05
    5.71291259E-05
    5.38503569E-05
    5.09793778E-05
    4.85085918E-05
    4.64179292E-05
    4.46781021E-05
    4.32538311E-05
    4.21067785E-05
    4.11980055E-05
    4.04898720E-05
    3.99473775E-05
    3.95390031E-05
    3.92371448E-05
    3.90182298E-05
    3.88626037E-05
    3.87542595E-05
    3.86804664E-05
    3.86313450E-05
    3.85994232E-05
    3.85792012E-05
    3.85667447E-05
    3.85593193E-05
    3.85550763E-05
    3.85527934E-05
    3.85516737E-05
    3.85512044E-05
    3.85510602E-05
    3.85510442E-05
    3.85510689E-05
    3.85510958E-05
    3.85511129E-05
    3.85511223E-05
    3.85511277E-05
    3.85511308E-05
    3.85511327E-05
    3.85511339E-05
    3.85511350E-05
    3.85511364E-05
    3.85511392E-05
    3.85511449E-05
    3.85511559E-05
    3.85511758E-05
    3.85512105E-05
    3.85512707E-05
    3.85513740E-05
    3.85515503E-05
    3.85518489E-05
    3.85523500E-05
    3.85531828E-05
    3.85545529E-05
    3.85567852E-05
    3.36137890E-05
    3.36180973E-05
    3.36248303E-05
    3.36352069E-05
    3.36509812E-05
    3.36746489E-05
    3.37096977E-05
    3.37609062E-05
    3.38346828E-05
    3.39394378E-05
    3.40859647E-05
    3.42877964E-05
    3.45614816E-05
    3.49267137E-05
    3.54062312E-05
    3.60254063E-05
    3.68114569E-05
    3.77922483E-05
    3.89947132E-05
    4.04429622E-05
    4.21561897E-05
    4.41464559E-05
    4.64163476E-05
    4.89564280E-05
    5.17423487E-05
    5.47316411E-05
    5.78605895E-05
    6.10421848E-05
    6.41667672E-05
    6.71072175E-05
    6.97301272E-05
    7.19132039E-05
    7.35675916E-05
    7.46620445E-05
    7.52435574E-05
    7.54447533E-05
    7.54427319E-05
    7.50686705E-05
    7.40424199E-05
    7.23385558E-05
    7.00644911E-05
    6.73675562E-05
    6.43994218E-05
    6.12940960E-05
    5.81631908E-05
    5.50963742E-05
    5.21638903E-05
    4.94189824E-05
    4.68997666E-05
    4.46306281E-05
    4.26234942E-05
    4.08792798E-05
    3.93896378E-05
    3.81389669E-05
    3.71065173E-05
    3.62684103E-05
    3.55994203E-05
    3.50744287E-05
    3.46695217E-05
    3.43627446E-05
    3.41345582E-05
    3.39680493E-05
    3.38489524E-05
    3.37655307E-05
    3.37083642E-05
    3.36700794E-05
    3.36450518E-05
    3.36291064E-05
    3.36192304E-05
    3.36133121E-05
    3.36099121E-05
    3.36080725E-05
    3.36071661E-05
    3.36067868E-05
    3.36066760E-05
    3.36066698E-05
    3.36066999E-05
    3.36067309E-05
    3.36067505E-05
    3.36067609E-05
    3.36067662E-05
    3.36067691E-05
    3.36067707E-05
    3.36067717E-05
    3.36067724E-05
    3.36067731E-05
    3.36067742E-05
    3.36067765E-05
    3.36067811E-05
    3.36067896E-05
    3.36068049E-05
    3.36068315E-05
    3.36068776E-05
    3.36069567E-05
    3.36070916E-05
    3.36073199E-05
    3.36077024E-05
    3.36083368E-05
    3.36093783E-05
    3.36110708E-05
    2.84945643E-05
    2.84977091E-05
    2.85026044E-05
    2.85101182E-05
    2.85214943E-05
    2.85384922E-05
    2.85635560E-05
    2.86000117E-05
    2.86522891E-05
    2.87261595E-05
    2.88289726E-05
    2.89698676E-05
    2.91599203E-05
    2.94121812E-05
    2.97415505E-05
    3.01644407E-05
    3.06981888E-05
    3.13602107E-05
    3.21669259E-05
    3.31325119E-05
    3.42675523E-05
    3.55776174E-05
    3.70617511E-05
    3.87107881E-05
    4.05054341E-05
    4.24141970E-05
    4.43915612E-05
    4.63772056E-05
    4.82973915E-05
    5.00696529E-05
    5.16114385E-05
    5.28524501E-05
    5.37493669E-05
    5.43005850E-05
    5.45579016E-05
    5.46243314E-05
    5.45647901E-05
    5.41824032E-05
    5.33697799E-05
    5.21516463E-05
    5.06105862E-05
    4.88426782E-05
    4.69398830E-05
    4.49809034E-05
    4.30301335E-05
    4.11387191E-05
    3.93462613E-05
    3.76822398E-05
    3.61670547E-05
    3.48128324E-05
    3.36242326E-05
    3.25994092E-05
    3.17311651E-05
    3.10082381E-05
    3.04166096E-05
    2.99407244E-05
    2.95645430E-05
    2.92723825E-05
    2.90495368E-05
    2.88826901E-05
    2.87601499E-05
    2.86719331E-05
    2.86097385E-05
    2.85668390E-05
    2.85379203E-05
    2.85188927E-05
    2.85066924E-05
    2.84990883E-05
    2.84945023E-05
    2.84918495E-05
    2.84904032E-05
    2.84896848E-05
    2.84893830E-05
    2.84892972E-05
    2.84892961E-05
    2.84893266E-05
    2.84893584E-05
    2.84893792E-05
    2.84893902E-05
    2.84893956E-05
    2.84893983E-05
    2.84893998E-05
    2.84894006E-05
    2.84894011E-05
    2.84894015E-05
    2.84894020E-05
    2.84894029E-05
    2.84894047E-05
    2.84894082E-05
    2.84894146E-05
    2.84894260E-05
    2.84894458E-05
    2.84894800E-05
    2.84895389E-05
    2.84896391E-05
    2.84898085E-05
    2.84900918E-05
    2.84905606E-05
    2.84913284E-05
    2.84925727E-05
    2.32808717E-05
    2.32830302E-05
    2.32863762E-05
    2.32914906E-05
    2.32992017E-05
    2.33106748E-05
    2.33275178E-05
    2.33519046E-05
    2.33867096E-05
    2.34356495E-05
    2.35034202E-05
    2.35958110E-05
    2.37197730E-05
    2.38834115E-05
    2.40958722E-05
    2.43670918E-05
    2.47073960E-05
    2.51269473E-05
    2.56350665E-05
    2.62394673E-05
    2.69454389E-05
    2.77549876E-05
    2.86659063E-05
    2.96707215E-05
    3.07554997E-05
    3.18986235E-05
    3.30698656E-05
    3.42303294E-05
    3.53339598E-05
    3.63312227E-05
    3.71751385E-05
    3.78292502E-05
    3.82765426E-05
    3.85277882E-05
    3.86267718E-05
    3.86414010E-05
    3.85517599E-05
    3.82301899E-05
    3.76538035E-05
    3.68544337E-05
    3.58863378E-05
    3.48063285E-05
    3.36660584E-05
    3.25086947E-05
    3.13690668E-05
    3.02745590E-05
    2.92461098E-05
    2.82989692E-05
    2.74432399E-05
    2.66843280E-05
    2.60234331E-05
    2.54581499E-05
    2.49831771E-05
    2.45910873E-05
    2.42730887E-05
    2.40197199E-05
    2.38214368E-05
    2.36690709E-05
    2.35541582E-05
    2.34691464E-05
    2.34074989E-05
    2.33637150E-05
    2.33332884E-05
    2.33126223E-05
    2.32989208E-05
    2.32900680E-05
    2.32845070E-05
    2.32811249E-05
    2.32791495E-05
    2.32780591E-05
    2.32775088E-05
    2.32772726E-05
    2.32772039E-05
    2.32772028E-05
    2.32772280E-05
    2.32772564E-05
    2.32772762E-05
    2.32772871E-05
    2.32772923E-05
    2.32772949E-05
    2.32772961E-05
    2.32772968E-05
    2.32772972E-05
    2.32772975E-05
    2.32772977E-05
    2.32772980E-05
    2.32772987E-05
    2.32773000E-05
    2.32773026E-05
    2.32773071E-05
    2.32773151E-05
    2.32773290E-05
    2.32773530E-05
    2.32773942E-05
    2.32774643E-05
    2.32775827E-05
    2.32777801E-05
    2.32781062E-05
    2.32786388E-05
    2.32794993E-05
    1.80941296E-05
    1.80954062E-05
    1.80973774E-05
    1.81003790E-05
    1.81048875E-05
    1.81115695E-05
    1.81213402E-05
    1.81354285E-05
    1.81554490E-05
    1.81834750E-05
    1.82221071E-05
    1.82745263E-05
    1.83445188E-05
    1.84364575E-05
    1.85552223E-05
    1.87060474E-05
    1.88942881E-05
    1.91251123E-05
    1.94031317E-05
    1.97319947E-05
    2.01139543E-05
    2.05494116E-05
    2.10364120E-05
    2.15700688E-05
    2.21419216E-05
    2.27393205E-05
    2.33450536E-05
    2.39375496E-05
    2.44920226E-05
    2.49828108E-05
    2.53868990E-05
    2.56883003E-05
    2.58827374E-05
    2.59816298E-05
    2.60130370E-05
    2.60105793E-05
    2.59299723E-05
    2.57172670E-05
    2.53766144E-05
    2.49297270E-05
    2.44059133E-05
    2.38339572E-05
    2.32391580E-05
    2.26423053E-05
    2.20600061E-05
    2.15052067E-05
    2.09876808E-05
    2.05143782E-05
    2.00896748E-05
    1.97156008E-05
    1.93921046E-05
    1.91173791E-05
    1.88882404E-05
    1.87005293E-05
    1.85494993E-05
    1.84301651E-05
    1.83375896E-05
    1.82671033E-05
    1.82144552E-05
    1.81759020E-05
    1.81482449E-05
    1.81288260E-05
    1.81154955E-05
    1.81065596E-05
    1.81007193E-05
    1.80970055E-05
    1.80947157E-05
    1.80933555E-05
    1.80925870E-05
    1.80921849E-05
    1.80920014E-05
    1.80919391E-05
    1.80919316E-05
    1.80919451E-05
    1.80919645E-05
    1.80919800E-05
    1.80919892E-05
    1.80919938E-05
    1.80919960E-05
    1.80919970E-05
    1.80919976E-05
    1.80919979E-05
    1.80919980E-05
    1.80919982E-05
    1.80919983E-05
    1.80919985E-05
    1.80919989E-05
    1.80919997E-05
    1.80920013E-05
    1.80920040E-05
    1.80920089E-05
    1.80920173E-05
    1.80920318E-05
    1.80920567E-05
    1.80920990E-05
    1.80921702E-05
    1.80922887E-05
    1.80924841E-05
    1.80928023E-05
    1.80933149E-05
    1.00037458E-04
    1.00037458E-04
    1.00037458E-04
    1.00037458E-04
    1.00037458E-04
    1.00037458E-04
    1.00037458E-04
    1.00037458E-04
    1.00037458E-04
    1.00037458E-04
    1.00037458E-04
    1.00037458E-04
    1.00037458E-04
    1.00037458E-04
    1.00037458E-04
    1.00037458E-04
    1.00037458E-04
    1.00037458E-04
    1.00037458E-04
    1.00037458E-04
    1.00037458E-04
    1.00037458E-04
    1.00037458E-04
    1.00037458E-04
    1.00037458E-04
    1.00037458E-04
    1.00037458E-04
    1.00037458E-04
    1.00037458E-04
    1.00037458E-04
    1.00037458E-04
    1.00037458E-04
    1.00037458E-04
    1.00037458E-04
    1.00037458E-04
    1.00037458E-04
    1.00037458E-04
    1.00037458E-04
    1.00037458E-04
    1.00037458E-04
    1.00037458E-04
    1.00037458E-04
    1.00037458E-04
    1.00037458E-04
    1.00037458E-04
    1.00037458E-04
    1.00037458E-04
    1.00037458E-04
    1.00037458E-04
    1.00037458E-04
    1.00037458E-04
    1.00037458E-04
    1.00037458E-04
    1.00037458E-04
    1.00037458E-04
    1.00037458E-04
    1.00037458E-04
    1.00037458E-04
    1.00037458E-04
    1.00037458E-04
    1.00037458E-04
    1.00037458E-04
    1.00037458E-04
    1.00037458E-04
    1.00037458E-04
    1.00037458E-04
    1.00037458E-04
    1.00037458E-04
    1.00037458E-04
    1.00037458E-04
    1.00037458E-04
    1.00037458E-04
    1.00037458E-04
    1.00037458E-04
    1.00037458E-04
    1.00037458E-04
    1.00037458E-04
    1.00037458E-04
    1.00037458E-04
    1.00037458E-04
    1.00037458E-04
    1.00037458E-04
    1.00037458E-04
    1.00037458E-04
    1.00037458E-04
    1.00037458E-04
    1.00037458E-04
    1.00037458E-04
    1.00037458E-04
    1.00037458E-04
    1.00037458E-04
    1.00037458E-04
    1.00037458E-04
    1.00037458E-04
    1.00037458E-04
    1.00037458E-04
    1.00037458E-04
    1.00037458E-04
    1.00037458E-04
    1.00037458E-04
